view_date,VALE3.SA,BBAS3.SA,ITUB4.SA,BBDC4.SA,ABEV3.SA,views_count,view_tickers,Q_mean,Omega_mean,prior_obs,prior_end_date,gross_exposure,max_weight_used,rebalance_mode,rebalance_flag,rebalance_source_date
2025-01-02,0.2473832901970739,0.04338384855752321,0.2473832901970739,0.23225787395482608,0.22959169709350302,5,ABEV3.SA;BBAS3.SA;BBDC4.SA;ITUB4.SA;VALE3.SA,-0.003541850191384256,0.0004007174492324702,499,2024-12-30,1.0,0.2473832901970739,monthly,1,2025-01-02
2025-01-03,0.2473832901970739,0.04338384855752321,0.2473832901970739,0.23225787395482608,0.22959169709350302,5,ABEV3.SA;BBAS3.SA;BBDC4.SA;ITUB4.SA;VALE3.SA,0.0008302211202867442,0.0004413340215004144,500,2025-01-02,1.0,0.2473832901970739,monthly,0,2025-01-02
2025-01-06,0.2473832901970739,0.04338384855752321,0.2473832901970739,0.23225787395482608,0.22959169709350302,5,ABEV3.SA;BBAS3.SA;BBDC4.SA;ITUB4.SA;VALE3.SA,0.0035092078285603352,0.0004621578849642122,501,2025-01-03,1.0,0.2473832901970739,monthly,0,2025-01-02
2025-01-07,0.2473832901970739,0.04338384855752321,0.2473832901970739,0.23225787395482608,0.22959169709350302,5,ABEV3.SA;BBAS3.SA;BBDC4.SA;ITUB4.SA;VALE3.SA,0.0025024294048179175,0.00040399860742010096,502,2025-01-06,1.0,0.2473832901970739,monthly,0,2025-01-02
2025-01-08,0.2473832901970739,0.04338384855752321,0.2473832901970739,0.23225787395482608,0.22959169709350302,5,ABEV3.SA;BBAS3.SA;BBDC4.SA;ITUB4.SA;VALE3.SA,0.004216577460819356,0.0005719070945810706,503,2025-01-07,1.0,0.2473832901970739,monthly,0,2025-01-02
2025-01-09,0.2473832901970739,0.04338384855752321,0.2473832901970739,0.23225787395482608,0.22959169709350302,5,ABEV3.SA;BBAS3.SA;BBDC4.SA;ITUB4.SA;VALE3.SA,0.001915214306929778,0.00046562306417544986,504,2025-01-08,1.0,0.2473832901970739,monthly,0,2025-01-02
2025-01-10,0.2473832901970739,0.04338384855752321,0.2473832901970739,0.23225787395482608,0.22959169709350302,5,ABEV3.SA;BBAS3.SA;BBDC4.SA;ITUB4.SA;VALE3.SA,0.005689107204964639,0.0004117292646517999,505,2025-01-09,1.0,0.2473832901970739,monthly,0,2025-01-02
2025-01-13,0.2473832901970739,0.04338384855752321,0.2473832901970739,0.23225787395482608,0.22959169709350302,5,ABEV3.SA;BBAS3.SA;BBDC4.SA;ITUB4.SA;VALE3.SA,0.005065547524667899,0.00041117550133787996,506,2025-01-10,1.0,0.2473832901970739,monthly,0,2025-01-02
2025-01-14,0.2473832901970739,0.04338384855752321,0.2473832901970739,0.23225787395482608,0.22959169709350302,5,ABEV3.SA;BBAS3.SA;BBDC4.SA;ITUB4.SA;VALE3.SA,-0.0037720249262492593,0.0002000295019193721,507,2025-01-13,1.0,0.2473832901970739,monthly,0,2025-01-02
2025-01-15,0.2473832901970739,0.04338384855752321,0.2473832901970739,0.23225787395482608,0.22959169709350302,5,ABEV3.SA;BBAS3.SA;BBDC4.SA;ITUB4.SA;VALE3.SA,0.00032916597009524114,0.00016491722814257964,508,2025-01-14,1.0,0.2473832901970739,monthly,0,2025-01-02
2025-01-16,0.2473832901970739,0.04338384855752321,0.2473832901970739,0.23225787395482608,0.22959169709350302,5,ABEV3.SA;BBAS3.SA;BBDC4.SA;ITUB4.SA;VALE3.SA,0.00015731106542075205,0.00023103915717351451,509,2025-01-15,1.0,0.2473832901970739,monthly,0,2025-01-02
2025-01-17,0.2473832901970739,0.04338384855752321,0.2473832901970739,0.23225787395482608,0.22959169709350302,5,ABEV3.SA;BBAS3.SA;BBDC4.SA;ITUB4.SA;VALE3.SA,0.0026332824010833742,0.00026883409451266725,510,2025-01-16,1.0,0.2473832901970739,monthly,0,2025-01-02
2025-01-20,0.2473832901970739,0.04338384855752321,0.2473832901970739,0.23225787395482608,0.22959169709350302,5,ABEV3.SA;BBAS3.SA;BBDC4.SA;ITUB4.SA;VALE3.SA,0.004464610822093928,0.00023524797204320445,511,2025-01-17,1.0,0.2473832901970739,monthly,0,2025-01-02
2025-01-21,0.2473832901970739,0.04338384855752321,0.2473832901970739,0.23225787395482608,0.22959169709350302,5,ABEV3.SA;BBAS3.SA;BBDC4.SA;ITUB4.SA;VALE3.SA,0.004771583072651178,0.00026347754147353623,512,2025-01-20,1.0,0.2473832901970739,monthly,0,2025-01-02
2025-01-22,0.2473832901970739,0.04338384855752321,0.2473832901970739,0.23225787395482608,0.22959169709350302,5,ABEV3.SA;BBAS3.SA;BBDC4.SA;ITUB4.SA;VALE3.SA,0.005059798468217385,0.0002202543966745983,513,2025-01-21,1.0,0.2473832901970739,monthly,0,2025-01-02
2025-01-23,0.2473832901970739,0.04338384855752321,0.2473832901970739,0.23225787395482608,0.22959169709350302,5,ABEV3.SA;BBAS3.SA;BBDC4.SA;ITUB4.SA;VALE3.SA,0.005817251968172663,0.0002530011085202867,514,2025-01-22,1.0,0.2473832901970739,monthly,0,2025-01-02
2025-01-24,0.2473832901970739,0.04338384855752321,0.2473832901970739,0.23225787395482608,0.22959169709350302,5,ABEV3.SA;BBAS3.SA;BBDC4.SA;ITUB4.SA;VALE3.SA,0.007980953187271659,0.00028616512160864244,515,2025-01-23,1.0,0.2473832901970739,monthly,0,2025-01-02
2025-01-27,0.2473832901970739,0.04338384855752321,0.2473832901970739,0.23225787395482608,0.22959169709350302,5,ABEV3.SA;BBAS3.SA;BBDC4.SA;ITUB4.SA;VALE3.SA,0.0060313360533004665,0.00014157863800316373,516,2025-01-24,1.0,0.2473832901970739,monthly,0,2025-01-02
2025-01-28,0.2473832901970739,0.04338384855752321,0.2473832901970739,0.23225787395482608,0.22959169709350302,5,ABEV3.SA;BBAS3.SA;BBDC4.SA;ITUB4.SA;VALE3.SA,0.008083912109177286,0.00030978804705008385,517,2025-01-27,1.0,0.2473832901970739,monthly,0,2025-01-02
2025-01-29,0.2473832901970739,0.04338384855752321,0.2473832901970739,0.23225787395482608,0.22959169709350302,5,ABEV3.SA;BBAS3.SA;BBDC4.SA;ITUB4.SA;VALE3.SA,0.017484895297364727,0.0003536433579723609,518,2025-01-28,1.0,0.2473832901970739,monthly,0,2025-01-02
2025-01-30,0.2473832901970739,0.04338384855752321,0.2473832901970739,0.23225787395482608,0.22959169709350302,5,ABEV3.SA;BBAS3.SA;BBDC4.SA;ITUB4.SA;VALE3.SA,0.006306671702879438,0.0004338666335833937,519,2025-01-29,1.0,0.2473832901970739,monthly,0,2025-01-02
2025-01-31,0.2473832901970739,0.04338384855752321,0.2473832901970739,0.23225787395482608,0.22959169709350302,5,ABEV3.SA;BBAS3.SA;BBDC4.SA;ITUB4.SA;VALE3.SA,0.005943084066796803,0.0003737879938328424,520,2025-01-30,1.0,0.2473832901970739,monthly,0,2025-01-02
2025-02-03,0.2473832901970739,0.16841113986861744,0.16841113986861744,0.16841113986861744,0.2473832901970739,5,ABEV3.SA;BBAS3.SA;BBDC4.SA;ITUB4.SA;VALE3.SA,0.007152732470907147,0.00039720983793288203,521,2025-01-31,1.0,0.2473832901970739,monthly,1,2025-02-03
2025-02-04,0.2473832901970739,0.16841113986861744,0.16841113986861744,0.16841113986861744,0.2473832901970739,5,ABEV3.SA;BBAS3.SA;BBDC4.SA;ITUB4.SA;VALE3.SA,0.008007247164358874,0.0003699228753885912,522,2025-02-03,1.0,0.2473832901970739,monthly,0,2025-02-03
2025-02-05,0.2473832901970739,0.16841113986861744,0.16841113986861744,0.16841113986861744,0.2473832901970739,5,ABEV3.SA;BBAS3.SA;BBDC4.SA;ITUB4.SA;VALE3.SA,0.008332679019946027,0.00047123510350036103,523,2025-02-04,1.0,0.2473832901970739,monthly,0,2025-02-03
2025-02-06,0.2473832901970739,0.16841113986861744,0.16841113986861744,0.16841113986861744,0.2473832901970739,5,ABEV3.SA;BBAS3.SA;BBDC4.SA;ITUB4.SA;VALE3.SA,0.007459264288421355,0.0004896657425453053,524,2025-02-05,1.0,0.2473832901970739,monthly,0,2025-02-03
2025-02-07,0.2473832901970739,0.16841113986861744,0.16841113986861744,0.16841113986861744,0.2473832901970739,5,ABEV3.SA;BBAS3.SA;BBDC4.SA;ITUB4.SA;VALE3.SA,0.014841349158726602,0.00031094493603210356,525,2025-02-06,1.0,0.2473832901970739,monthly,0,2025-02-03
2025-02-10,0.2473832901970739,0.16841113986861744,0.16841113986861744,0.16841113986861744,0.2473832901970739,5,ABEV3.SA;BBAS3.SA;BBDC4.SA;ITUB4.SA;VALE3.SA,0.007836799056971674,0.0002645103144241157,526,2025-02-07,1.0,0.2473832901970739,monthly,0,2025-02-03
2025-02-11,0.2473832901970739,0.16841113986861744,0.16841113986861744,0.16841113986861744,0.2473832901970739,5,ABEV3.SA;BBAS3.SA;BBDC4.SA;ITUB4.SA;VALE3.SA,0.0065308872680479736,0.0003323440519558679,527,2025-02-10,1.0,0.2473832901970739,monthly,0,2025-02-03
2025-02-12,0.2473832901970739,0.16841113986861744,0.16841113986861744,0.16841113986861744,0.2473832901970739,5,ABEV3.SA;BBAS3.SA;BBDC4.SA;ITUB4.SA;VALE3.SA,0.008611840022522101,0.0004658631392552307,528,2025-02-11,1.0,0.2473832901970739,monthly,0,2025-02-03
2025-02-13,0.2473832901970739,0.16841113986861744,0.16841113986861744,0.16841113986861744,0.2473832901970739,5,ABEV3.SA;BBAS3.SA;BBDC4.SA;ITUB4.SA;VALE3.SA,0.009117582371105642,0.0004874086740132187,529,2025-02-12,1.0,0.2473832901970739,monthly,0,2025-02-03
2025-02-14,0.2473832901970739,0.16841113986861744,0.16841113986861744,0.16841113986861744,0.2473832901970739,5,ABEV3.SA;BBAS3.SA;BBDC4.SA;ITUB4.SA;VALE3.SA,0.007209762114937257,0.0003205098383751763,530,2025-02-13,1.0,0.2473832901970739,monthly,0,2025-02-03
2025-02-17,0.2473832901970739,0.16841113986861744,0.16841113986861744,0.16841113986861744,0.2473832901970739,5,ABEV3.SA;BBAS3.SA;BBDC4.SA;ITUB4.SA;VALE3.SA,0.0075296020468586435,0.0004558175994462659,531,2025-02-14,1.0,0.2473832901970739,monthly,0,2025-02-03
2025-02-18,0.2473832901970739,0.16841113986861744,0.16841113986861744,0.16841113986861744,0.2473832901970739,5,ABEV3.SA;BBAS3.SA;BBDC4.SA;ITUB4.SA;VALE3.SA,0.009665007724054212,0.00044513011770762003,532,2025-02-17,1.0,0.2473832901970739,monthly,0,2025-02-03
2025-02-19,0.2473832901970739,0.16841113986861744,0.16841113986861744,0.16841113986861744,0.2473832901970739,5,ABEV3.SA;BBAS3.SA;BBDC4.SA;ITUB4.SA;VALE3.SA,0.009674983951905648,0.00021756446972005463,533,2025-02-18,1.0,0.2473832901970739,monthly,0,2025-02-03
2025-02-20,0.2473832901970739,0.16841113986861744,0.16841113986861744,0.16841113986861744,0.2473832901970739,5,ABEV3.SA;BBAS3.SA;BBDC4.SA;ITUB4.SA;VALE3.SA,0.009209059116933248,0.0003040865752094743,534,2025-02-19,1.0,0.2473832901970739,monthly,0,2025-02-03
2025-02-21,0.2473832901970739,0.16841113986861744,0.16841113986861744,0.16841113986861744,0.2473832901970739,5,ABEV3.SA;BBAS3.SA;BBDC4.SA;ITUB4.SA;VALE3.SA,0.009307199620376115,0.00034447464257008915,535,2025-02-20,1.0,0.2473832901970739,monthly,0,2025-02-03
2025-02-24,0.2473832901970739,0.16841113986861744,0.16841113986861744,0.16841113986861744,0.2473832901970739,5,ABEV3.SA;BBAS3.SA;BBDC4.SA;ITUB4.SA;VALE3.SA,0.008820247107388629,0.00036201350464953603,536,2025-02-21,1.0,0.2473832901970739,monthly,0,2025-02-03
2025-02-25,0.2473832901970739,0.16841113986861744,0.16841113986861744,0.16841113986861744,0.2473832901970739,5,ABEV3.SA;BBAS3.SA;BBDC4.SA;ITUB4.SA;VALE3.SA,0.007833695236346841,0.0003747337405208694,537,2025-02-24,1.0,0.2473832901970739,monthly,0,2025-02-03
2025-02-26,0.2473832901970739,0.16841113986861744,0.16841113986861744,0.16841113986861744,0.2473832901970739,5,ABEV3.SA;BBAS3.SA;BBDC4.SA;ITUB4.SA;VALE3.SA,0.020438276107521167,0.0001714291210848475,538,2025-02-25,1.0,0.2473832901970739,monthly,0,2025-02-03
2025-02-27,0.2473832901970739,0.16841113986861744,0.16841113986861744,0.16841113986861744,0.2473832901970739,5,ABEV3.SA;BBAS3.SA;BBDC4.SA;ITUB4.SA;VALE3.SA,0.012698437869891286,0.0002738310679187842,539,2025-02-26,1.0,0.2473832901970739,monthly,0,2025-02-03
2025-02-28,0.2473832901970739,0.16841113986861744,0.16841113986861744,0.16841113986861744,0.2473832901970739,5,ABEV3.SA;BBAS3.SA;BBDC4.SA;ITUB4.SA;VALE3.SA,0.018245212324607737,0.00031182728806319307,540,2025-02-27,1.0,0.2473832901970739,monthly,0,2025-02-03
2025-03-05,0.24738329019707384,0.1289250647043892,0.24738329019707384,0.1289250647043892,0.24738329019707384,5,ABEV3.SA;BBAS3.SA;BBDC4.SA;ITUB4.SA;VALE3.SA,0.015243344686514356,0.00029240464199044406,541,2025-02-28,0.9999999999999998,0.24738329019707384,monthly,1,2025-03-05
2025-03-06,0.24738329019707384,0.1289250647043892,0.24738329019707384,0.1289250647043892,0.24738329019707384,5,ABEV3.SA;BBAS3.SA;BBDC4.SA;ITUB4.SA;VALE3.SA,0.01513543828890245,0.0001941887239687759,542,2025-03-05,0.9999999999999998,0.24738329019707384,monthly,0,2025-03-05
2025-03-07,0.24738329019707384,0.1289250647043892,0.24738329019707384,0.1289250647043892,0.24738329019707384,5,ABEV3.SA;BBAS3.SA;BBDC4.SA;ITUB4.SA;VALE3.SA,0.014673771389015572,0.0003630325128401988,543,2025-03-06,0.9999999999999998,0.24738329019707384,monthly,0,2025-03-05
2025-03-10,0.24738329019707384,0.1289250647043892,0.24738329019707384,0.1289250647043892,0.24738329019707384,5,ABEV3.SA;BBAS3.SA;BBDC4.SA;ITUB4.SA;VALE3.SA,0.015330583343070182,0.00033354393269814485,544,2025-03-07,0.9999999999999998,0.24738329019707384,monthly,0,2025-03-05
2025-03-11,0.24738329019707384,0.1289250647043892,0.24738329019707384,0.1289250647043892,0.24738329019707384,5,ABEV3.SA;BBAS3.SA;BBDC4.SA;ITUB4.SA;VALE3.SA,0.016022254060384555,0.00033686819542590434,545,2025-03-10,0.9999999999999998,0.24738329019707384,monthly,0,2025-03-05
2025-03-12,0.24738329019707384,0.1289250647043892,0.24738329019707384,0.1289250647043892,0.24738329019707384,5,ABEV3.SA;BBAS3.SA;BBDC4.SA;ITUB4.SA;VALE3.SA,0.016704094845877746,0.0003819941807891358,546,2025-03-11,0.9999999999999998,0.24738329019707384,monthly,0,2025-03-05
2025-03-13,0.24738329019707384,0.1289250647043892,0.24738329019707384,0.1289250647043892,0.24738329019707384,5,ABEV3.SA;BBAS3.SA;BBDC4.SA;ITUB4.SA;VALE3.SA,0.01665040179155918,0.00036537663513693365,547,2025-03-12,0.9999999999999998,0.24738329019707384,monthly,0,2025-03-05
2025-03-14,0.24738329019707384,0.1289250647043892,0.24738329019707384,0.1289250647043892,0.24738329019707384,5,ABEV3.SA;BBAS3.SA;BBDC4.SA;ITUB4.SA;VALE3.SA,0.014469812668215431,0.00035268045314773404,548,2025-03-13,0.9999999999999998,0.24738329019707384,monthly,0,2025-03-05
2025-03-17,0.24738329019707384,0.1289250647043892,0.24738329019707384,0.1289250647043892,0.24738329019707384,5,ABEV3.SA;BBAS3.SA;BBDC4.SA;ITUB4.SA;VALE3.SA,0.012883778546416414,0.00028818549253705817,549,2025-03-14,0.9999999999999998,0.24738329019707384,monthly,0,2025-03-05
2025-03-18,0.24738329019707384,0.1289250647043892,0.24738329019707384,0.1289250647043892,0.24738329019707384,5,ABEV3.SA;BBAS3.SA;BBDC4.SA;ITUB4.SA;VALE3.SA,0.01409464108783757,0.00043816895722044804,550,2025-03-17,0.9999999999999998,0.24738329019707384,monthly,0,2025-03-05
2025-03-19,0.24738329019707384,0.1289250647043892,0.24738329019707384,0.1289250647043892,0.24738329019707384,5,ABEV3.SA;BBAS3.SA;BBDC4.SA;ITUB4.SA;VALE3.SA,0.009190668697834997,0.0004941530939484428,551,2025-03-18,0.9999999999999998,0.24738329019707384,monthly,0,2025-03-05
2025-03-20,0.24738329019707384,0.1289250647043892,0.24738329019707384,0.1289250647043892,0.24738329019707384,5,ABEV3.SA;BBAS3.SA;BBDC4.SA;ITUB4.SA;VALE3.SA,0.010626314804841353,0.0004820642484648417,552,2025-03-19,0.9999999999999998,0.24738329019707384,monthly,0,2025-03-05
2025-03-21,0.24738329019707384,0.1289250647043892,0.24738329019707384,0.1289250647043892,0.24738329019707384,5,ABEV3.SA;BBAS3.SA;BBDC4.SA;ITUB4.SA;VALE3.SA,0.004249973543786685,0.0003916202985974251,553,2025-03-20,0.9999999999999998,0.24738329019707384,monthly,0,2025-03-05
2025-03-24,0.24738329019707384,0.1289250647043892,0.24738329019707384,0.1289250647043892,0.24738329019707384,5,ABEV3.SA;BBAS3.SA;BBDC4.SA;ITUB4.SA;VALE3.SA,0.009383990473919907,0.0005589039555406307,554,2025-03-21,0.9999999999999998,0.24738329019707384,monthly,0,2025-03-05
2025-03-25,0.24738329019707384,0.1289250647043892,0.24738329019707384,0.1289250647043892,0.24738329019707384,5,ABEV3.SA;BBAS3.SA;BBDC4.SA;ITUB4.SA;VALE3.SA,-2.9309144181911134e-05,0.00048565779673353984,555,2025-03-24,0.9999999999999998,0.24738329019707384,monthly,0,2025-03-05
2025-03-26,0.24738329019707384,0.1289250647043892,0.24738329019707384,0.1289250647043892,0.24738329019707384,5,ABEV3.SA;BBAS3.SA;BBDC4.SA;ITUB4.SA;VALE3.SA,-0.0028206146293258986,0.000449733713918207,556,2025-03-25,0.9999999999999998,0.24738329019707384,monthly,0,2025-03-05
2025-03-27,0.24738329019707384,0.1289250647043892,0.24738329019707384,0.1289250647043892,0.24738329019707384,5,ABEV3.SA;BBAS3.SA;BBDC4.SA;ITUB4.SA;VALE3.SA,-0.0008973428683373868,0.0003933959979741263,557,2025-03-26,0.9999999999999998,0.24738329019707384,monthly,0,2025-03-05
2025-03-28,0.24738329019707384,0.1289250647043892,0.24738329019707384,0.1289250647043892,0.24738329019707384,5,ABEV3.SA;BBAS3.SA;BBDC4.SA;ITUB4.SA;VALE3.SA,-0.0014592102227195237,0.000438740401909187,558,2025-03-27,0.9999999999999998,0.24738329019707384,monthly,0,2025-03-05
2025-03-31,0.24738329019707384,0.1289250647043892,0.24738329019707384,0.1289250647043892,0.24738329019707384,5,ABEV3.SA;BBAS3.SA;BBDC4.SA;ITUB4.SA;VALE3.SA,0.002024853143273204,0.0002680256756036769,559,2025-03-28,0.9999999999999998,0.24738329019707384,monthly,0,2025-03-05
2025-04-01,0.2473832901970739,0.16841113986861744,0.16841113986861744,0.16841113986861744,0.2473832901970739,5,ABEV3.SA;BBAS3.SA;BBDC4.SA;ITUB4.SA;VALE3.SA,0.003701487878355608,0.00030961539163990894,560,2025-03-31,1.0,0.2473832901970739,monthly,1,2025-04-01
2025-04-02,0.2473832901970739,0.16841113986861744,0.16841113986861744,0.16841113986861744,0.2473832901970739,5,ABEV3.SA;BBAS3.SA;BBDC4.SA;ITUB4.SA;VALE3.SA,0.003447861591754975,0.00027236032952926567,561,2025-04-01,1.0,0.2473832901970739,monthly,0,2025-04-01
2025-04-03,0.2473832901970739,0.16841113986861744,0.16841113986861744,0.16841113986861744,0.2473832901970739,5,ABEV3.SA;BBAS3.SA;BBDC4.SA;ITUB4.SA;VALE3.SA,-3.7465641483085815e-06,0.0002706929711518493,562,2025-04-02,1.0,0.2473832901970739,monthly,0,2025-04-01
2025-04-04,0.2473832901970739,0.16841113986861744,0.16841113986861744,0.16841113986861744,0.2473832901970739,5,ABEV3.SA;BBAS3.SA;BBDC4.SA;ITUB4.SA;VALE3.SA,0.006860998546799156,0.0005152986146132433,563,2025-04-03,1.0,0.2473832901970739,monthly,0,2025-04-01
2025-04-07,0.2473832901970739,0.16841113986861744,0.16841113986861744,0.16841113986861744,0.2473832901970739,5,ABEV3.SA;BBAS3.SA;BBDC4.SA;ITUB4.SA;VALE3.SA,0.011160810943773405,0.0004716317653096068,564,2025-04-04,1.0,0.2473832901970739,monthly,0,2025-04-01
2025-04-08,0.2473832901970739,0.16841113986861744,0.16841113986861744,0.16841113986861744,0.2473832901970739,5,ABEV3.SA;BBAS3.SA;BBDC4.SA;ITUB4.SA;VALE3.SA,0.014759737159812764,0.000411964694347685,565,2025-04-07,1.0,0.2473832901970739,monthly,0,2025-04-01
2025-04-09,0.2473832901970739,0.16841113986861744,0.16841113986861744,0.16841113986861744,0.2473832901970739,5,ABEV3.SA;BBAS3.SA;BBDC4.SA;ITUB4.SA;VALE3.SA,0.011015800431192912,0.000550736049796487,566,2025-04-08,1.0,0.2473832901970739,monthly,0,2025-04-01
2025-04-10,0.2473832901970739,0.16841113986861744,0.16841113986861744,0.16841113986861744,0.2473832901970739,5,ABEV3.SA;BBAS3.SA;BBDC4.SA;ITUB4.SA;VALE3.SA,0.01293741331593184,0.0004692831025570125,567,2025-04-09,1.0,0.2473832901970739,monthly,0,2025-04-01
2025-04-11,0.2473832901970739,0.16841113986861744,0.16841113986861744,0.16841113986861744,0.2473832901970739,5,ABEV3.SA;BBAS3.SA;BBDC4.SA;ITUB4.SA;VALE3.SA,0.009272793388284564,0.0005393314978726067,568,2025-04-10,1.0,0.2473832901970739,monthly,0,2025-04-01
2025-04-14,0.2473832901970739,0.16841113986861744,0.16841113986861744,0.16841113986861744,0.2473832901970739,5,ABEV3.SA;BBAS3.SA;BBDC4.SA;ITUB4.SA;VALE3.SA,0.005840157237250618,0.0004942210003772081,569,2025-04-11,1.0,0.2473832901970739,monthly,0,2025-04-01
2025-04-15,0.2473832901970739,0.16841113986861744,0.16841113986861744,0.16841113986861744,0.2473832901970739,5,ABEV3.SA;BBAS3.SA;BBDC4.SA;ITUB4.SA;VALE3.SA,0.0011645108366360158,0.0004754497817328586,570,2025-04-14,1.0,0.2473832901970739,monthly,0,2025-04-01
2025-04-16,0.2473832901970739,0.16841113986861744,0.16841113986861744,0.16841113986861744,0.2473832901970739,5,ABEV3.SA;BBAS3.SA;BBDC4.SA;ITUB4.SA;VALE3.SA,0.007892244884829891,0.00043268553085950776,571,2025-04-15,1.0,0.2473832901970739,monthly,0,2025-04-01
2025-04-17,0.2473832901970739,0.16841113986861744,0.16841113986861744,0.16841113986861744,0.2473832901970739,5,ABEV3.SA;BBAS3.SA;BBDC4.SA;ITUB4.SA;VALE3.SA,0.0028793982559098567,0.0004389863142502351,572,2025-04-16,1.0,0.2473832901970739,monthly,0,2025-04-01
2025-04-22,0.2473832901970739,0.16841113986861744,0.16841113986861744,0.16841113986861744,0.2473832901970739,5,ABEV3.SA;BBAS3.SA;BBDC4.SA;ITUB4.SA;VALE3.SA,0.005115492447517139,0.0003975799300069274,573,2025-04-17,1.0,0.2473832901970739,monthly,0,2025-04-01
2025-04-23,0.2473832901970739,0.16841113986861744,0.16841113986861744,0.16841113986861744,0.2473832901970739,5,ABEV3.SA;BBAS3.SA;BBDC4.SA;ITUB4.SA;VALE3.SA,-0.0007160189353900056,0.00039288676966698103,574,2025-04-22,1.0,0.2473832901970739,monthly,0,2025-04-01
2025-04-24,0.2473832901970739,0.16841113986861744,0.16841113986861744,0.16841113986861744,0.2473832901970739,5,ABEV3.SA;BBAS3.SA;BBDC4.SA;ITUB4.SA;VALE3.SA,0.00015517991991266625,0.00022358408909559148,575,2025-04-23,1.0,0.2473832901970739,monthly,0,2025-04-01
2025-04-25,0.2473832901970739,0.16841113986861744,0.16841113986861744,0.16841113986861744,0.2473832901970739,5,ABEV3.SA;BBAS3.SA;BBDC4.SA;ITUB4.SA;VALE3.SA,0.0004596342271154812,0.0003511040753711114,576,2025-04-24,1.0,0.2473832901970739,monthly,0,2025-04-01
2025-04-28,0.2473832901970739,0.16841113986861744,0.16841113986861744,0.16841113986861744,0.2473832901970739,5,ABEV3.SA;BBAS3.SA;BBDC4.SA;ITUB4.SA;VALE3.SA,0.00144390243835542,0.0003622735255686774,577,2025-04-25,1.0,0.2473832901970739,monthly,0,2025-04-01
2025-04-29,0.2473832901970739,0.16841113986861744,0.16841113986861744,0.16841113986861744,0.2473832901970739,5,ABEV3.SA;BBAS3.SA;BBDC4.SA;ITUB4.SA;VALE3.SA,0.0023890721891104876,0.0002493082351087415,578,2025-04-28,1.0,0.2473832901970739,monthly,0,2025-04-01
2025-04-30,0.2473832901970739,0.16841113986861744,0.16841113986861744,0.16841113986861744,0.2473832901970739,5,ABEV3.SA;BBAS3.SA;BBDC4.SA;ITUB4.SA;VALE3.SA,0.0030949331195966627,0.00039126477422521676,579,2025-04-29,1.0,0.2473832901970739,monthly,0,2025-04-01
2025-05-02,0.16841113986861744,0.2473832901970739,0.2473832901970739,0.16841113986861744,0.16841113986861744,5,ABEV3.SA;BBAS3.SA;BBDC4.SA;ITUB4.SA;VALE3.SA,0.00607629743682087,0.00020589729564027653,580,2025-04-30,1.0,0.2473832901970739,monthly,1,2025-05-02
2025-05-05,0.16841113986861744,0.2473832901970739,0.2473832901970739,0.16841113986861744,0.16841113986861744,5,ABEV3.SA;BBAS3.SA;BBDC4.SA;ITUB4.SA;VALE3.SA,0.000552814207131177,0.00043059847992874884,581,2025-05-02,1.0,0.2473832901970739,monthly,0,2025-05-02
2025-05-06,0.16841113986861744,0.2473832901970739,0.2473832901970739,0.16841113986861744,0.16841113986861744,5,ABEV3.SA;BBAS3.SA;BBDC4.SA;ITUB4.SA;VALE3.SA,0.004042693954353733,0.00044439193891301763,582,2025-05-05,1.0,0.2473832901970739,monthly,0,2025-05-02
2025-05-07,0.16841113986861744,0.2473832901970739,0.2473832901970739,0.16841113986861744,0.16841113986861744,5,ABEV3.SA;BBAS3.SA;BBDC4.SA;ITUB4.SA;VALE3.SA,0.008062861135303502,0.00044614079972551523,583,2025-05-06,1.0,0.2473832901970739,monthly,0,2025-05-02
2025-05-08,0.16841113986861744,0.2473832901970739,0.2473832901970739,0.16841113986861744,0.16841113986861744,5,ABEV3.SA;BBAS3.SA;BBDC4.SA;ITUB4.SA;VALE3.SA,0.010048256775275695,0.00033232289931897646,584,2025-05-07,1.0,0.2473832901970739,monthly,0,2025-05-02
2025-05-09,0.16841113986861744,0.2473832901970739,0.2473832901970739,0.16841113986861744,0.16841113986861744,5,ABEV3.SA;BBAS3.SA;BBDC4.SA;ITUB4.SA;VALE3.SA,0.008772135303648206,0.00035820673724046314,585,2025-05-08,1.0,0.2473832901970739,monthly,0,2025-05-02
2025-05-12,0.16841113986861744,0.2473832901970739,0.2473832901970739,0.16841113986861744,0.16841113986861744,5,ABEV3.SA;BBAS3.SA;BBDC4.SA;ITUB4.SA;VALE3.SA,0.007419600160706359,0.0002873340093963621,586,2025-05-09,1.0,0.2473832901970739,monthly,0,2025-05-02
2025-05-13,0.16841113986861744,0.2473832901970739,0.2473832901970739,0.16841113986861744,0.16841113986861744,5,ABEV3.SA;BBAS3.SA;BBDC4.SA;ITUB4.SA;VALE3.SA,0.006119547795006846,0.0003411031045120425,587,2025-05-12,1.0,0.2473832901970739,monthly,0,2025-05-02
2025-05-14,0.16841113986861744,0.2473832901970739,0.2473832901970739,0.16841113986861744,0.16841113986861744,5,ABEV3.SA;BBAS3.SA;BBDC4.SA;ITUB4.SA;VALE3.SA,0.0033729362607451746,0.0004637315242887427,588,2025-05-13,1.0,0.2473832901970739,monthly,0,2025-05-02
2025-05-15,0.16841113986861744,0.2473832901970739,0.2473832901970739,0.16841113986861744,0.16841113986861744,5,ABEV3.SA;BBAS3.SA;BBDC4.SA;ITUB4.SA;VALE3.SA,0.006066396293944919,0.0003569710429095105,589,2025-05-14,1.0,0.2473832901970739,monthly,0,2025-05-02
2025-05-16,0.16841113986861744,0.2473832901970739,0.2473832901970739,0.16841113986861744,0.16841113986861744,5,ABEV3.SA;BBAS3.SA;BBDC4.SA;ITUB4.SA;VALE3.SA,0.0025467907194471804,0.0003678910622580762,590,2025-05-15,1.0,0.2473832901970739,monthly,0,2025-05-02
2025-05-19,0.16841113986861744,0.2473832901970739,0.2473832901970739,0.16841113986861744,0.16841113986861744,5,ABEV3.SA;BBAS3.SA;BBDC4.SA;ITUB4.SA;VALE3.SA,0.00039803141814488804,0.0004285308526272106,591,2025-05-16,1.0,0.2473832901970739,monthly,0,2025-05-02
2025-05-20,0.16841113986861744,0.2473832901970739,0.2473832901970739,0.16841113986861744,0.16841113986861744,5,ABEV3.SA;BBAS3.SA;BBDC4.SA;ITUB4.SA;VALE3.SA,0.0052204495000000755,0.00045403288031584663,592,2025-05-19,1.0,0.2473832901970739,monthly,0,2025-05-02
2025-05-21,0.16841113986861744,0.2473832901970739,0.2473832901970739,0.16841113986861744,0.16841113986861744,5,ABEV3.SA;BBAS3.SA;BBDC4.SA;ITUB4.SA;VALE3.SA,0.009920945139664131,0.00039729811007371786,593,2025-05-20,1.0,0.2473832901970739,monthly,0,2025-05-02
2025-05-22,0.16841113986861744,0.2473832901970739,0.2473832901970739,0.16841113986861744,0.16841113986861744,5,ABEV3.SA;BBAS3.SA;BBDC4.SA;ITUB4.SA;VALE3.SA,0.007227036208722756,0.0002513373351167183,594,2025-05-21,1.0,0.2473832901970739,monthly,0,2025-05-02
2025-05-23,0.16841113986861744,0.2473832901970739,0.2473832901970739,0.16841113986861744,0.16841113986861744,5,ABEV3.SA;BBAS3.SA;BBDC4.SA;ITUB4.SA;VALE3.SA,0.01533715002833676,0.0002963322526723743,595,2025-05-22,1.0,0.2473832901970739,monthly,0,2025-05-02
2025-05-26,0.16841113986861744,0.2473832901970739,0.2473832901970739,0.16841113986861744,0.16841113986861744,5,ABEV3.SA;BBAS3.SA;BBDC4.SA;ITUB4.SA;VALE3.SA,0.0026090309958212753,0.00029223734226929894,596,2025-05-23,1.0,0.2473832901970739,monthly,0,2025-05-02
2025-05-27,0.16841113986861744,0.2473832901970739,0.2473832901970739,0.16841113986861744,0.16841113986861744,5,ABEV3.SA;BBAS3.SA;BBDC4.SA;ITUB4.SA;VALE3.SA,0.00840761384803124,0.00031177439736700254,597,2025-05-26,1.0,0.2473832901970739,monthly,0,2025-05-02
2025-05-28,0.16841113986861744,0.2473832901970739,0.2473832901970739,0.16841113986861744,0.16841113986861744,5,ABEV3.SA;BBAS3.SA;BBDC4.SA;ITUB4.SA;VALE3.SA,0.00587553823709471,0.00022645773426421416,598,2025-05-27,1.0,0.2473832901970739,monthly,0,2025-05-02
2025-05-29,0.16841113986861744,0.2473832901970739,0.2473832901970739,0.16841113986861744,0.16841113986861744,5,ABEV3.SA;BBAS3.SA;BBDC4.SA;ITUB4.SA;VALE3.SA,0.00870669138648979,0.00016818030835139239,599,2025-05-28,1.0,0.2473832901970739,monthly,0,2025-05-02
2025-05-30,0.16841113986861744,0.2473832901970739,0.2473832901970739,0.16841113986861744,0.16841113986861744,5,ABEV3.SA;BBAS3.SA;BBDC4.SA;ITUB4.SA;VALE3.SA,0.00505978618291013,0.0001747665812100582,600,2025-05-29,1.0,0.2473832901970739,monthly,0,2025-05-02
2025-06-02,0.12892506470438922,0.2473832901970739,0.2473832901970739,0.2473832901970739,0.12892506470438922,5,ABEV3.SA;BBAS3.SA;BBDC4.SA;ITUB4.SA;VALE3.SA,0.002166791287967844,0.00013029144367259827,601,2025-05-30,1.0,0.2473832901970739,monthly,1,2025-06-02
2025-06-03,0.12892506470438922,0.2473832901970739,0.2473832901970739,0.2473832901970739,0.12892506470438922,5,ABEV3.SA;BBAS3.SA;BBDC4.SA;ITUB4.SA;VALE3.SA,0.0032370290128838886,0.00032258298905489286,602,2025-06-02,1.0,0.2473832901970739,monthly,0,2025-06-02
2025-06-04,0.12892506470438922,0.2473832901970739,0.2473832901970739,0.2473832901970739,0.12892506470438922,5,ABEV3.SA;BBAS3.SA;BBDC4.SA;ITUB4.SA;VALE3.SA,0.0003873174747998476,0.000324495209333543,603,2025-06-03,1.0,0.2473832901970739,monthly,0,2025-06-02
2025-06-05,0.12892506470438922,0.2473832901970739,0.2473832901970739,0.2473832901970739,0.12892506470438922,5,ABEV3.SA;BBAS3.SA;BBDC4.SA;ITUB4.SA;VALE3.SA,0.003078526409294004,0.0002937827080136024,604,2025-06-04,1.0,0.2473832901970739,monthly,0,2025-06-02
2025-06-06,0.12892506470438922,0.2473832901970739,0.2473832901970739,0.2473832901970739,0.12892506470438922,5,ABEV3.SA;BBAS3.SA;BBDC4.SA;ITUB4.SA;VALE3.SA,-0.0010601566850465536,0.0003601546936451581,605,2025-06-05,1.0,0.2473832901970739,monthly,0,2025-06-02
2025-06-09,0.12892506470438922,0.2473832901970739,0.2473832901970739,0.2473832901970739,0.12892506470438922,5,ABEV3.SA;BBAS3.SA;BBDC4.SA;ITUB4.SA;VALE3.SA,-0.0012613934411799042,0.0003179636242467802,606,2025-06-06,1.0,0.2473832901970739,monthly,0,2025-06-02
2025-06-10,0.12892506470438922,0.2473832901970739,0.2473832901970739,0.2473832901970739,0.12892506470438922,5,ABEV3.SA;BBAS3.SA;BBDC4.SA;ITUB4.SA;VALE3.SA,-0.00031172831641563604,0.0003485992156560528,607,2025-06-09,1.0,0.2473832901970739,monthly,0,2025-06-02
2025-06-11,0.12892506470438922,0.2473832901970739,0.2473832901970739,0.2473832901970739,0.12892506470438922,5,ABEV3.SA;BBAS3.SA;BBDC4.SA;ITUB4.SA;VALE3.SA,-0.0034114478869844075,0.0003903836224775118,608,2025-06-10,1.0,0.2473832901970739,monthly,0,2025-06-02
2025-06-12,0.12892506470438922,0.2473832901970739,0.2473832901970739,0.2473832901970739,0.12892506470438922,5,ABEV3.SA;BBAS3.SA;BBDC4.SA;ITUB4.SA;VALE3.SA,-0.002479383793047715,0.0002850339430396353,609,2025-06-11,1.0,0.2473832901970739,monthly,0,2025-06-02
2025-06-13,0.12892506470438922,0.2473832901970739,0.2473832901970739,0.2473832901970739,0.12892506470438922,5,ABEV3.SA;BBAS3.SA;BBDC4.SA;ITUB4.SA;VALE3.SA,4.940804938768709e-05,0.00040215299738666064,610,2025-06-12,1.0,0.2473832901970739,monthly,0,2025-06-02
2025-06-16,0.12892506470438922,0.2473832901970739,0.2473832901970739,0.2473832901970739,0.12892506470438922,5,ABEV3.SA;BBAS3.SA;BBDC4.SA;ITUB4.SA;VALE3.SA,0.0002539359505011144,0.00026656247263799675,611,2025-06-13,1.0,0.2473832901970739,monthly,0,2025-06-02
2025-06-17,0.12892506470438922,0.2473832901970739,0.2473832901970739,0.2473832901970739,0.12892506470438922,5,ABEV3.SA;BBAS3.SA;BBDC4.SA;ITUB4.SA;VALE3.SA,0.0019891592561791897,0.0003191743270833904,612,2025-06-16,1.0,0.2473832901970739,monthly,0,2025-06-02
2025-06-18,0.12892506470438922,0.2473832901970739,0.2473832901970739,0.2473832901970739,0.12892506470438922,5,ABEV3.SA;BBAS3.SA;BBDC4.SA;ITUB4.SA;VALE3.SA,0.003193704969752325,0.0003753806999671488,613,2025-06-17,1.0,0.2473832901970739,monthly,0,2025-06-02
2025-06-20,0.12892506470438922,0.2473832901970739,0.2473832901970739,0.2473832901970739,0.12892506470438922,5,ABEV3.SA;BBAS3.SA;BBDC4.SA;ITUB4.SA;VALE3.SA,0.0040677847759057265,0.0003511693894628428,614,2025-06-18,1.0,0.2473832901970739,monthly,0,2025-06-02
2025-06-23,0.12892506470438922,0.2473832901970739,0.2473832901970739,0.2473832901970739,0.12892506470438922,5,ABEV3.SA;BBAS3.SA;BBDC4.SA;ITUB4.SA;VALE3.SA,0.0050953362277566085,0.00033053434872018956,615,2025-06-20,1.0,0.2473832901970739,monthly,0,2025-06-02
2025-06-24,0.12892506470438922,0.2473832901970739,0.2473832901970739,0.2473832901970739,0.12892506470438922,5,ABEV3.SA;BBAS3.SA;BBDC4.SA;ITUB4.SA;VALE3.SA,0.00467723158605957,0.00045570944406733065,616,2025-06-23,1.0,0.2473832901970739,monthly,0,2025-06-02
2025-06-25,0.12892506470438922,0.2473832901970739,0.2473832901970739,0.2473832901970739,0.12892506470438922,5,ABEV3.SA;BBAS3.SA;BBDC4.SA;ITUB4.SA;VALE3.SA,0.006207537340934764,0.0004135923619479944,617,2025-06-24,1.0,0.2473832901970739,monthly,0,2025-06-02
2025-06-26,0.12892506470438922,0.2473832901970739,0.2473832901970739,0.2473832901970739,0.12892506470438922,5,ABEV3.SA;BBAS3.SA;BBDC4.SA;ITUB4.SA;VALE3.SA,0.0051312890631477325,0.0003961052119424902,618,2025-06-25,1.0,0.2473832901970739,monthly,0,2025-06-02
2025-06-27,0.12892506470438922,0.2473832901970739,0.2473832901970739,0.2473832901970739,0.12892506470438922,5,ABEV3.SA;BBAS3.SA;BBDC4.SA;ITUB4.SA;VALE3.SA,0.0059763041129042805,0.0004246092305153798,619,2025-06-26,1.0,0.2473832901970739,monthly,0,2025-06-02
2025-06-30,0.12892506470438922,0.2473832901970739,0.2473832901970739,0.2473832901970739,0.12892506470438922,5,ABEV3.SA;BBAS3.SA;BBDC4.SA;ITUB4.SA;VALE3.SA,0.004326235733856393,0.00022754926929269753,620,2025-06-27,1.0,0.2473832901970739,monthly,0,2025-06-02
2025-07-01,0.2473832901970739,0.16841113986861744,0.16841113986861744,0.16841113986861744,0.2473832901970739,5,ABEV3.SA;BBAS3.SA;BBDC4.SA;ITUB4.SA;VALE3.SA,0.005341824775246593,0.00030847804012329384,621,2025-06-30,1.0,0.2473832901970739,monthly,1,2025-07-01
2025-07-02,0.2473832901970739,0.16841113986861744,0.16841113986861744,0.16841113986861744,0.2473832901970739,5,ABEV3.SA;BBAS3.SA;BBDC4.SA;ITUB4.SA;VALE3.SA,0.003653436102144401,0.0005026540770358639,622,2025-07-01,1.0,0.2473832901970739,monthly,0,2025-07-01
2025-07-03,0.2473832901970739,0.16841113986861744,0.16841113986861744,0.16841113986861744,0.2473832901970739,5,ABEV3.SA;BBAS3.SA;BBDC4.SA;ITUB4.SA;VALE3.SA,0.0031001252449831657,0.000412467388589621,623,2025-07-02,1.0,0.2473832901970739,monthly,0,2025-07-01
2025-07-04,0.2473832901970739,0.16841113986861744,0.16841113986861744,0.16841113986861744,0.2473832901970739,5,ABEV3.SA;BBAS3.SA;BBDC4.SA;ITUB4.SA;VALE3.SA,0.0024462550195283555,0.0004006716993382041,624,2025-07-03,1.0,0.2473832901970739,monthly,0,2025-07-01
2025-07-07,0.2473832901970739,0.16841113986861744,0.16841113986861744,0.16841113986861744,0.2473832901970739,5,ABEV3.SA;BBAS3.SA;BBDC4.SA;ITUB4.SA;VALE3.SA,0.002574588647226273,0.00027117348614304107,625,2025-07-04,1.0,0.2473832901970739,monthly,0,2025-07-01
2025-07-08,0.2473832901970739,0.16841113986861744,0.16841113986861744,0.16841113986861744,0.2473832901970739,5,ABEV3.SA;BBAS3.SA;BBDC4.SA;ITUB4.SA;VALE3.SA,0.0014717831408618072,0.00028374819625820035,626,2025-07-07,1.0,0.2473832901970739,monthly,0,2025-07-01
2025-07-09,0.2473832901970739,0.16841113986861744,0.16841113986861744,0.16841113986861744,0.2473832901970739,5,ABEV3.SA;BBAS3.SA;BBDC4.SA;ITUB4.SA;VALE3.SA,-0.0002715326526776852,0.00020285394702546067,627,2025-07-08,1.0,0.2473832901970739,monthly,0,2025-07-01
2025-07-10,0.2473832901970739,0.16841113986861744,0.16841113986861744,0.16841113986861744,0.2473832901970739,5,ABEV3.SA;BBAS3.SA;BBDC4.SA;ITUB4.SA;VALE3.SA,0.0015558573129617614,0.0002092111461394237,628,2025-07-09,1.0,0.2473832901970739,monthly,0,2025-07-01
2025-07-11,0.2473832901970739,0.16841113986861744,0.16841113986861744,0.16841113986861744,0.2473832901970739,5,ABEV3.SA;BBAS3.SA;BBDC4.SA;ITUB4.SA;VALE3.SA,0.0020993314806848477,0.00025261512647637536,629,2025-07-10,1.0,0.2473832901970739,monthly,0,2025-07-01
2025-07-14,0.2473832901970739,0.16841113986861744,0.16841113986861744,0.16841113986861744,0.2473832901970739,5,ABEV3.SA;BBAS3.SA;BBDC4.SA;ITUB4.SA;VALE3.SA,0.0030193995920680754,0.0003665910854107505,630,2025-07-11,1.0,0.2473832901970739,monthly,0,2025-07-01
2025-07-15,0.2473832901970739,0.16841113986861744,0.16841113986861744,0.16841113986861744,0.2473832901970739,5,ABEV3.SA;BBAS3.SA;BBDC4.SA;ITUB4.SA;VALE3.SA,0.004599187141202727,0.0003249294156827502,631,2025-07-14,1.0,0.2473832901970739,monthly,0,2025-07-01
2025-07-16,0.2473832901970739,0.16841113986861744,0.16841113986861744,0.16841113986861744,0.2473832901970739,5,ABEV3.SA;BBAS3.SA;BBDC4.SA;ITUB4.SA;VALE3.SA,0.0021677337638244198,0.00018393698071857584,632,2025-07-15,1.0,0.2473832901970739,monthly,0,2025-07-01
2025-07-17,0.2473832901970739,0.16841113986861744,0.16841113986861744,0.16841113986861744,0.2473832901970739,5,ABEV3.SA;BBAS3.SA;BBDC4.SA;ITUB4.SA;VALE3.SA,0.0036041483347725293,0.0002499002501729636,633,2025-07-16,1.0,0.2473832901970739,monthly,0,2025-07-01
2025-07-18,0.2473832901970739,0.16841113986861744,0.16841113986861744,0.16841113986861744,0.2473832901970739,5,ABEV3.SA;BBAS3.SA;BBDC4.SA;ITUB4.SA;VALE3.SA,0.004560612306257265,0.00035007937003678636,634,2025-07-17,1.0,0.2473832901970739,monthly,0,2025-07-01
2025-07-21,0.2473832901970739,0.16841113986861744,0.16841113986861744,0.16841113986861744,0.2473832901970739,5,ABEV3.SA;BBAS3.SA;BBDC4.SA;ITUB4.SA;VALE3.SA,0.004418605161387573,0.00023316781209962182,635,2025-07-18,1.0,0.2473832901970739,monthly,0,2025-07-01
2025-07-22,0.2473832901970739,0.16841113986861744,0.16841113986861744,0.16841113986861744,0.2473832901970739,5,ABEV3.SA;BBAS3.SA;BBDC4.SA;ITUB4.SA;VALE3.SA,0.006173823054382017,0.00028299028189085636,636,2025-07-21,1.0,0.2473832901970739,monthly,0,2025-07-01
2025-07-23,0.2473832901970739,0.16841113986861744,0.16841113986861744,0.16841113986861744,0.2473832901970739,5,ABEV3.SA;BBAS3.SA;BBDC4.SA;ITUB4.SA;VALE3.SA,0.010214830484775629,0.00032327894956147495,637,2025-07-22,1.0,0.2473832901970739,monthly,0,2025-07-01
2025-07-24,0.2473832901970739,0.16841113986861744,0.16841113986861744,0.16841113986861744,0.2473832901970739,5,ABEV3.SA;BBAS3.SA;BBDC4.SA;ITUB4.SA;VALE3.SA,0.008443344682020843,0.0003011700310308868,638,2025-07-23,1.0,0.2473832901970739,monthly,0,2025-07-01
2025-07-25,0.2473832901970739,0.16841113986861744,0.16841113986861744,0.16841113986861744,0.2473832901970739,5,ABEV3.SA;BBAS3.SA;BBDC4.SA;ITUB4.SA;VALE3.SA,0.007568793751105622,0.0003675263668347302,639,2025-07-24,1.0,0.2473832901970739,monthly,0,2025-07-01
2025-07-28,0.2473832901970739,0.16841113986861744,0.16841113986861744,0.16841113986861744,0.2473832901970739,5,ABEV3.SA;BBAS3.SA;BBDC4.SA;ITUB4.SA;VALE3.SA,0.007737572871515155,0.00024367303159431443,640,2025-07-25,1.0,0.2473832901970739,monthly,0,2025-07-01
2025-07-29,0.2473832901970739,0.16841113986861744,0.16841113986861744,0.16841113986861744,0.2473832901970739,5,ABEV3.SA;BBAS3.SA;BBDC4.SA;ITUB4.SA;VALE3.SA,0.0072971914760472404,0.00036897208261502253,641,2025-07-28,1.0,0.2473832901970739,monthly,0,2025-07-01
2025-07-30,0.2473832901970739,0.16841113986861744,0.16841113986861744,0.16841113986861744,0.2473832901970739,5,ABEV3.SA;BBAS3.SA;BBDC4.SA;ITUB4.SA;VALE3.SA,0.007620125678607097,0.0002934022753228932,642,2025-07-29,1.0,0.2473832901970739,monthly,0,2025-07-01
2025-07-31,0.2473832901970739,0.16841113986861744,0.16841113986861744,0.16841113986861744,0.2473832901970739,5,ABEV3.SA;BBAS3.SA;BBDC4.SA;ITUB4.SA;VALE3.SA,0.011056238387405576,0.00018045003733687873,643,2025-07-30,1.0,0.2473832901970739,monthly,0,2025-07-01
2025-08-01,0.2473832901970739,0.16841113986861744,0.16841113986861744,0.16841113986861744,0.2473832901970739,5,ABEV3.SA;BBAS3.SA;BBDC4.SA;ITUB4.SA;VALE3.SA,0.009116897487007426,0.00021272426520672406,644,2025-07-31,1.0,0.2473832901970739,monthly,1,2025-08-01
2025-08-04,0.2473832901970739,0.16841113986861744,0.16841113986861744,0.16841113986861744,0.2473832901970739,5,ABEV3.SA;BBAS3.SA;BBDC4.SA;ITUB4.SA;VALE3.SA,0.008012292865301337,0.00025393616600675616,645,2025-08-01,1.0,0.2473832901970739,monthly,0,2025-08-01
2025-08-05,0.2473832901970739,0.16841113986861744,0.16841113986861744,0.16841113986861744,0.2473832901970739,5,ABEV3.SA;BBAS3.SA;BBDC4.SA;ITUB4.SA;VALE3.SA,0.009474867823610695,0.0002567187706561706,646,2025-08-04,1.0,0.2473832901970739,monthly,0,2025-08-01
2025-08-06,0.2473832901970739,0.16841113986861744,0.16841113986861744,0.16841113986861744,0.2473832901970739,5,ABEV3.SA;BBAS3.SA;BBDC4.SA;ITUB4.SA;VALE3.SA,0.0029297692139400007,0.0003006989841638722,647,2025-08-05,1.0,0.2473832901970739,monthly,0,2025-08-01
2025-08-07,0.2473832901970739,0.16841113986861744,0.16841113986861744,0.16841113986861744,0.2473832901970739,5,ABEV3.SA;BBAS3.SA;BBDC4.SA;ITUB4.SA;VALE3.SA,-0.0011822140745909333,0.0003250597667005079,648,2025-08-06,1.0,0.2473832901970739,monthly,0,2025-08-01
2025-08-08,0.2473832901970739,0.16841113986861744,0.16841113986861744,0.16841113986861744,0.2473832901970739,5,ABEV3.SA;BBAS3.SA;BBDC4.SA;ITUB4.SA;VALE3.SA,-0.0027848214599530117,0.00042172096436056113,649,2025-08-07,1.0,0.2473832901970739,monthly,0,2025-08-01
2025-08-11,0.2473832901970739,0.16841113986861744,0.16841113986861744,0.16841113986861744,0.2473832901970739,5,ABEV3.SA;BBAS3.SA;BBDC4.SA;ITUB4.SA;VALE3.SA,-0.0026041030999734258,0.00055812522603946,650,2025-08-08,1.0,0.2473832901970739,monthly,0,2025-08-01
2025-08-12,0.2473832901970739,0.16841113986861744,0.16841113986861744,0.16841113986861744,0.2473832901970739,5,ABEV3.SA;BBAS3.SA;BBDC4.SA;ITUB4.SA;VALE3.SA,0.00020821794232934714,0.0004911207836806695,651,2025-08-11,1.0,0.2473832901970739,monthly,0,2025-08-01
2025-08-13,0.2473832901970739,0.16841113986861744,0.16841113986861744,0.16841113986861744,0.2473832901970739,5,ABEV3.SA;BBAS3.SA;BBDC4.SA;ITUB4.SA;VALE3.SA,-0.003750657398454186,0.0003423021099557694,652,2025-08-12,1.0,0.2473832901970739,monthly,0,2025-08-01
2025-08-14,0.2473832901970739,0.16841113986861744,0.16841113986861744,0.16841113986861744,0.2473832901970739,5,ABEV3.SA;BBAS3.SA;BBDC4.SA;ITUB4.SA;VALE3.SA,-0.004021951158364267,0.0002838730946414924,653,2025-08-13,1.0,0.2473832901970739,monthly,0,2025-08-01
2025-08-15,0.2473832901970739,0.16841113986861744,0.16841113986861744,0.16841113986861744,0.2473832901970739,5,ABEV3.SA;BBAS3.SA;BBDC4.SA;ITUB4.SA;VALE3.SA,0.004270086108090216,0.00028767065198056965,654,2025-08-14,1.0,0.2473832901970739,monthly,0,2025-08-01
2025-08-18,0.2473832901970739,0.16841113986861744,0.16841113986861744,0.16841113986861744,0.2473832901970739,5,ABEV3.SA;BBAS3.SA;BBDC4.SA;ITUB4.SA;VALE3.SA,0.005473761192024907,0.00025005686186596967,655,2025-08-15,1.0,0.2473832901970739,monthly,0,2025-08-01
2025-08-19,0.2473832901970739,0.16841113986861744,0.16841113986861744,0.16841113986861744,0.2473832901970739,5,ABEV3.SA;BBAS3.SA;BBDC4.SA;ITUB4.SA;VALE3.SA,0.004019936574266115,0.00037072116940092565,656,2025-08-18,1.0,0.2473832901970739,monthly,0,2025-08-01
2025-08-20,0.2473832901970739,0.16841113986861744,0.16841113986861744,0.16841113986861744,0.2473832901970739,5,ABEV3.SA;BBAS3.SA;BBDC4.SA;ITUB4.SA;VALE3.SA,0.005131307732195611,0.00033824910557134934,657,2025-08-19,1.0,0.2473832901970739,monthly,0,2025-08-01
2025-08-21,0.2473832901970739,0.16841113986861744,0.16841113986861744,0.16841113986861744,0.2473832901970739,5,ABEV3.SA;BBAS3.SA;BBDC4.SA;ITUB4.SA;VALE3.SA,-6.871660287159978e-06,0.00037393330723341526,658,2025-08-20,1.0,0.2473832901970739,monthly,0,2025-08-01
2025-08-22,0.2473832901970739,0.16841113986861744,0.16841113986861744,0.16841113986861744,0.2473832901970739,5,ABEV3.SA;BBAS3.SA;BBDC4.SA;ITUB4.SA;VALE3.SA,0.007685139104455277,0.00020279981956144983,659,2025-08-21,1.0,0.2473832901970739,monthly,0,2025-08-01
2025-08-25,0.2473832901970739,0.16841113986861744,0.16841113986861744,0.16841113986861744,0.2473832901970739,5,ABEV3.SA;BBAS3.SA;BBDC4.SA;ITUB4.SA;VALE3.SA,0.008729276382660744,0.0002960072577866713,660,2025-08-22,1.0,0.2473832901970739,monthly,0,2025-08-01
2025-08-26,0.2473832901970739,0.16841113986861744,0.16841113986861744,0.16841113986861744,0.2473832901970739,5,ABEV3.SA;BBAS3.SA;BBDC4.SA;ITUB4.SA;VALE3.SA,0.009007232729111513,0.0002425761869314248,661,2025-08-25,1.0,0.2473832901970739,monthly,0,2025-08-01
2025-08-27,0.2473832901970739,0.16841113986861744,0.16841113986861744,0.16841113986861744,0.2473832901970739,5,ABEV3.SA;BBAS3.SA;BBDC4.SA;ITUB4.SA;VALE3.SA,0.006959648061108367,0.00017621130229780963,662,2025-08-26,1.0,0.2473832901970739,monthly,0,2025-08-01
2025-08-28,0.2473832901970739,0.16841113986861744,0.16841113986861744,0.16841113986861744,0.2473832901970739,5,ABEV3.SA;BBAS3.SA;BBDC4.SA;ITUB4.SA;VALE3.SA,0.005829430428016413,0.00015937650409578134,663,2025-08-27,1.0,0.2473832901970739,monthly,0,2025-08-01
2025-08-29,0.2473832901970739,0.16841113986861744,0.16841113986861744,0.16841113986861744,0.2473832901970739,5,ABEV3.SA;BBAS3.SA;BBDC4.SA;ITUB4.SA;VALE3.SA,0.005994807952722161,0.00014746256728949346,664,2025-08-28,1.0,0.2473832901970739,monthly,0,2025-08-01
2025-09-01,0.2473832901970739,0.2473832901970739,0.2473832901970739,0.2473832901970739,0.010466839211704548,5,ABEV3.SA;BBAS3.SA;BBDC4.SA;ITUB4.SA;VALE3.SA,0.009522264626513437,0.00015731911854057517,665,2025-08-29,1.0,0.2473832901970739,monthly,1,2025-09-01
2025-09-02,0.2473832901970739,0.2473832901970739,0.2473832901970739,0.2473832901970739,0.010466839211704548,5,ABEV3.SA;BBAS3.SA;BBDC4.SA;ITUB4.SA;VALE3.SA,0.00583431602142845,0.00021901949816906355,666,2025-09-01,1.0,0.2473832901970739,monthly,0,2025-09-01
2025-09-03,0.2473832901970739,0.2473832901970739,0.2473832901970739,0.2473832901970739,0.010466839211704548,5,ABEV3.SA;BBAS3.SA;BBDC4.SA;ITUB4.SA;VALE3.SA,0.010296877113136912,0.00025875277218893324,667,2025-09-02,1.0,0.2473832901970739,monthly,0,2025-09-01
2025-09-04,0.2473832901970739,0.2473832901970739,0.2473832901970739,0.2473832901970739,0.010466839211704548,5,ABEV3.SA;BBAS3.SA;BBDC4.SA;ITUB4.SA;VALE3.SA,0.006124864042417177,8.725467345127562e-05,668,2025-09-03,1.0,0.2473832901970739,monthly,0,2025-09-01
2025-09-05,0.2473832901970739,0.2473832901970739,0.2473832901970739,0.2473832901970739,0.010466839211704548,5,ABEV3.SA;BBAS3.SA;BBDC4.SA;ITUB4.SA;VALE3.SA,0.006120777140103666,0.0002499961966562217,669,2025-09-04,1.0,0.2473832901970739,monthly,0,2025-09-01
2025-09-08,0.2473832901970739,0.2473832901970739,0.2473832901970739,0.2473832901970739,0.010466839211704548,5,ABEV3.SA;BBAS3.SA;BBDC4.SA;ITUB4.SA;VALE3.SA,0.004171977573367136,0.0003100359678262422,670,2025-09-05,1.0,0.2473832901970739,monthly,0,2025-09-01
2025-09-09,0.2473832901970739,0.2473832901970739,0.2473832901970739,0.2473832901970739,0.010466839211704548,5,ABEV3.SA;BBAS3.SA;BBDC4.SA;ITUB4.SA;VALE3.SA,0.009989214678837871,0.0003667199921698816,671,2025-09-08,1.0,0.2473832901970739,monthly,0,2025-09-01
2025-09-10,0.2473832901970739,0.2473832901970739,0.2473832901970739,0.2473832901970739,0.010466839211704548,5,ABEV3.SA;BBAS3.SA;BBDC4.SA;ITUB4.SA;VALE3.SA,0.012655257245216206,0.00033883365399084507,672,2025-09-09,1.0,0.2473832901970739,monthly,0,2025-09-01
2025-09-11,0.2473832901970739,0.2473832901970739,0.2473832901970739,0.2473832901970739,0.010466839211704548,5,ABEV3.SA;BBAS3.SA;BBDC4.SA;ITUB4.SA;VALE3.SA,0.01219685919197444,0.00042862437103256015,673,2025-09-10,1.0,0.2473832901970739,monthly,0,2025-09-01
2025-09-12,0.2473832901970739,0.2473832901970739,0.2473832901970739,0.2473832901970739,0.010466839211704548,5,ABEV3.SA;BBAS3.SA;BBDC4.SA;ITUB4.SA;VALE3.SA,0.010333257531185015,0.0003006587462939303,674,2025-09-11,1.0,0.2473832901970739,monthly,0,2025-09-01
2025-09-15,0.2473832901970739,0.2473832901970739,0.2473832901970739,0.2473832901970739,0.010466839211704548,5,ABEV3.SA;BBAS3.SA;BBDC4.SA;ITUB4.SA;VALE3.SA,0.009739849660500292,0.0003463731549477564,675,2025-09-12,1.0,0.2473832901970739,monthly,0,2025-09-01
2025-09-16,0.2473832901970739,0.2473832901970739,0.2473832901970739,0.2473832901970739,0.010466839211704548,5,ABEV3.SA;BBAS3.SA;BBDC4.SA;ITUB4.SA;VALE3.SA,0.00891292423795317,0.0005111840646040755,676,2025-09-15,1.0,0.2473832901970739,monthly,0,2025-09-01
2025-09-17,0.2473832901970739,0.2473832901970739,0.2473832901970739,0.2473832901970739,0.010466839211704548,5,ABEV3.SA;BBAS3.SA;BBDC4.SA;ITUB4.SA;VALE3.SA,0.01120954381464773,0.00030676710812980616,677,2025-09-16,1.0,0.2473832901970739,monthly,0,2025-09-01
2025-09-18,0.2473832901970739,0.2473832901970739,0.2473832901970739,0.2473832901970739,0.010466839211704548,5,ABEV3.SA;BBAS3.SA;BBDC4.SA;ITUB4.SA;VALE3.SA,0.010101609160754924,0.0002769141444930934,678,2025-09-17,1.0,0.2473832901970739,monthly,0,2025-09-01
2025-09-19,0.2473832901970739,0.2473832901970739,0.2473832901970739,0.2473832901970739,0.010466839211704548,5,ABEV3.SA;BBAS3.SA;BBDC4.SA;ITUB4.SA;VALE3.SA,0.01452052613284362,0.000188416106621479,679,2025-09-18,1.0,0.2473832901970739,monthly,0,2025-09-01
2025-09-22,0.2473832901970739,0.2473832901970739,0.2473832901970739,0.2473832901970739,0.010466839211704548,5,ABEV3.SA;BBAS3.SA;BBDC4.SA;ITUB4.SA;VALE3.SA,0.005635099633516546,0.0002452115465390264,680,2025-09-19,1.0,0.2473832901970739,monthly,0,2025-09-01
2025-09-23,0.2473832901970739,0.2473832901970739,0.2473832901970739,0.2473832901970739,0.010466839211704548,5,ABEV3.SA;BBAS3.SA;BBDC4.SA;ITUB4.SA;VALE3.SA,0.005672178512297432,0.0004123771005722965,681,2025-09-22,1.0,0.2473832901970739,monthly,0,2025-09-01
2025-09-24,0.2473832901970739,0.2473832901970739,0.2473832901970739,0.2473832901970739,0.010466839211704548,5,ABEV3.SA;BBAS3.SA;BBDC4.SA;ITUB4.SA;VALE3.SA,0.009486200405505045,0.00029562166003453097,682,2025-09-23,1.0,0.2473832901970739,monthly,0,2025-09-01
2025-09-25,0.2473832901970739,0.2473832901970739,0.2473832901970739,0.2473832901970739,0.010466839211704548,5,ABEV3.SA;BBAS3.SA;BBDC4.SA;ITUB4.SA;VALE3.SA,0.009783058017268278,0.00032481860013183447,683,2025-09-24,1.0,0.2473832901970739,monthly,0,2025-09-01
2025-09-26,0.2473832901970739,0.2473832901970739,0.2473832901970739,0.2473832901970739,0.010466839211704548,5,ABEV3.SA;BBAS3.SA;BBDC4.SA;ITUB4.SA;VALE3.SA,0.009646121133009075,0.00041141837093516457,684,2025-09-25,1.0,0.2473832901970739,monthly,0,2025-09-01
2025-09-29,0.2473832901970739,0.2473832901970739,0.2473832901970739,0.2473832901970739,0.010466839211704548,5,ABEV3.SA;BBAS3.SA;BBDC4.SA;ITUB4.SA;VALE3.SA,0.008531841659422949,0.000508850942633177,685,2025-09-26,1.0,0.2473832901970739,monthly,0,2025-09-01
2025-09-30,0.2473832901970739,0.2473832901970739,0.2473832901970739,0.2473832901970739,0.010466839211704548,5,ABEV3.SA;BBAS3.SA;BBDC4.SA;ITUB4.SA;VALE3.SA,0.008441702382863051,0.00021282156681865422,686,2025-09-29,1.0,0.2473832901970739,monthly,0,2025-09-01
2025-10-01,0.2473832901970739,0.2473832901970739,0.2473832901970739,0.2473832901970739,0.010466839211704548,5,ABEV3.SA;BBAS3.SA;BBDC4.SA;ITUB4.SA;VALE3.SA,0.01070131040798961,0.00023920226491679547,687,2025-09-30,1.0,0.2473832901970739,monthly,1,2025-10-01
2025-10-02,0.2473832901970739,0.2473832901970739,0.2473832901970739,0.2473832901970739,0.010466839211704548,5,ABEV3.SA;BBAS3.SA;BBDC4.SA;ITUB4.SA;VALE3.SA,0.01007695901728223,0.0003668764408629327,688,2025-10-01,1.0,0.2473832901970739,monthly,0,2025-10-01
2025-10-03,0.2473832901970739,0.2473832901970739,0.2473832901970739,0.2473832901970739,0.010466839211704548,5,ABEV3.SA;BBAS3.SA;BBDC4.SA;ITUB4.SA;VALE3.SA,0.007943432068634005,0.0004011285747713714,689,2025-10-02,1.0,0.2473832901970739,monthly,0,2025-10-01
2025-10-06,0.2473832901970739,0.2473832901970739,0.2473832901970739,0.2473832901970739,0.010466839211704548,5,ABEV3.SA;BBAS3.SA;BBDC4.SA;ITUB4.SA;VALE3.SA,0.00707244895149464,0.0003784224137629434,690,2025-10-03,1.0,0.2473832901970739,monthly,0,2025-10-01
2025-10-07,0.2473832901970739,0.2473832901970739,0.2473832901970739,0.2473832901970739,0.010466839211704548,5,ABEV3.SA;BBAS3.SA;BBDC4.SA;ITUB4.SA;VALE3.SA,0.005660882342962757,0.00041254957601899483,691,2025-10-06,1.0,0.2473832901970739,monthly,0,2025-10-01
2025-10-08,0.2473832901970739,0.2473832901970739,0.2473832901970739,0.2473832901970739,0.010466839211704548,5,ABEV3.SA;BBAS3.SA;BBDC4.SA;ITUB4.SA;VALE3.SA,0.00649669792980751,0.0005050634137749152,692,2025-10-07,1.0,0.2473832901970739,monthly,0,2025-10-01
2025-10-09,0.2473832901970739,0.2473832901970739,0.2473832901970739,0.2473832901970739,0.010466839211704548,5,ABEV3.SA;BBAS3.SA;BBDC4.SA;ITUB4.SA;VALE3.SA,0.0065751896924260925,0.0005751247720170098,693,2025-10-08,1.0,0.2473832901970739,monthly,0,2025-10-01
2025-10-10,0.2473832901970739,0.2473832901970739,0.2473832901970739,0.2473832901970739,0.010466839211704548,5,ABEV3.SA;BBAS3.SA;BBDC4.SA;ITUB4.SA;VALE3.SA,0.004144492452959572,0.00043772070332049164,694,2025-10-09,1.0,0.2473832901970739,monthly,0,2025-10-01
2025-10-13,0.2473832901970739,0.2473832901970739,0.2473832901970739,0.2473832901970739,0.010466839211704548,5,ABEV3.SA;BBAS3.SA;BBDC4.SA;ITUB4.SA;VALE3.SA,0.005709450345425705,0.0006031575568357424,695,2025-10-10,1.0,0.2473832901970739,monthly,0,2025-10-01
2025-10-14,0.2473832901970739,0.2473832901970739,0.2473832901970739,0.2473832901970739,0.010466839211704548,5,ABEV3.SA;BBAS3.SA;BBDC4.SA;ITUB4.SA;VALE3.SA,0.005302977661212899,0.0005053733104036739,696,2025-10-13,1.0,0.2473832901970739,monthly,0,2025-10-01
2025-10-15,0.2473832901970739,0.2473832901970739,0.2473832901970739,0.2473832901970739,0.010466839211704548,5,ABEV3.SA;BBAS3.SA;BBDC4.SA;ITUB4.SA;VALE3.SA,0.0019186814832204539,0.0003296564977621847,697,2025-10-14,1.0,0.2473832901970739,monthly,0,2025-10-01
2025-10-16,0.2473832901970739,0.2473832901970739,0.2473832901970739,0.2473832901970739,0.010466839211704548,5,ABEV3.SA;BBAS3.SA;BBDC4.SA;ITUB4.SA;VALE3.SA,0.00016631915361783515,0.00028188595677948436,698,2025-10-15,1.0,0.2473832901970739,monthly,0,2025-10-01
2025-10-17,0.2473832901970739,0.2473832901970739,0.2473832901970739,0.2473832901970739,0.010466839211704548,5,ABEV3.SA;BBAS3.SA;BBDC4.SA;ITUB4.SA;VALE3.SA,0.000346876759885981,0.00023375628368935082,699,2025-10-16,1.0,0.2473832901970739,monthly,0,2025-10-01
2025-10-20,0.2473832901970739,0.2473832901970739,0.2473832901970739,0.2473832901970739,0.010466839211704548,5,ABEV3.SA;BBAS3.SA;BBDC4.SA;ITUB4.SA;VALE3.SA,0.0014530489631647526,0.0001980536458182144,700,2025-10-17,1.0,0.2473832901970739,monthly,0,2025-10-01
2025-10-21,0.2473832901970739,0.2473832901970739,0.2473832901970739,0.2473832901970739,0.010466839211704548,5,ABEV3.SA;BBAS3.SA;BBDC4.SA;ITUB4.SA;VALE3.SA,0.006781265667592203,0.00016257055287758227,701,2025-10-20,1.0,0.2473832901970739,monthly,0,2025-10-01
2025-10-22,0.2473832901970739,0.2473832901970739,0.2473832901970739,0.2473832901970739,0.010466839211704548,5,ABEV3.SA;BBAS3.SA;BBDC4.SA;ITUB4.SA;VALE3.SA,0.002716652664972891,0.00019056895545877458,702,2025-10-21,1.0,0.2473832901970739,monthly,0,2025-10-01
2025-10-23,0.2473832901970739,0.2473832901970739,0.2473832901970739,0.2473832901970739,0.010466839211704548,5,ABEV3.SA;BBAS3.SA;BBDC4.SA;ITUB4.SA;VALE3.SA,-0.00018389092996980473,0.00021031345615653735,703,2025-10-22,1.0,0.2473832901970739,monthly,0,2025-10-01
2025-10-24,0.2473832901970739,0.2473832901970739,0.2473832901970739,0.2473832901970739,0.010466839211704548,5,ABEV3.SA;BBAS3.SA;BBDC4.SA;ITUB4.SA;VALE3.SA,0.003062633349535957,0.0003337221021536575,704,2025-10-23,1.0,0.2473832901970739,monthly,0,2025-10-01
2025-10-27,0.2473832901970739,0.2473832901970739,0.2473832901970739,0.2473832901970739,0.010466839211704548,5,ABEV3.SA;BBAS3.SA;BBDC4.SA;ITUB4.SA;VALE3.SA,-0.00011805299758738328,0.00028224309140264354,705,2025-10-24,1.0,0.2473832901970739,monthly,0,2025-10-01
2025-10-28,0.2473832901970739,0.2473832901970739,0.2473832901970739,0.2473832901970739,0.010466839211704548,5,ABEV3.SA;BBAS3.SA;BBDC4.SA;ITUB4.SA;VALE3.SA,-0.00942610364653455,0.00033572324571938566,706,2025-10-27,1.0,0.2473832901970739,monthly,0,2025-10-01
2025-10-29,0.2473832901970739,0.2473832901970739,0.2473832901970739,0.2473832901970739,0.010466839211704548,5,ABEV3.SA;BBAS3.SA;BBDC4.SA;ITUB4.SA;VALE3.SA,-0.012735348977534856,0.00036120616781277223,707,2025-10-28,1.0,0.2473832901970739,monthly,0,2025-10-01
2025-10-30,0.2473832901970739,0.2473832901970739,0.2473832901970739,0.2473832901970739,0.010466839211704548,5,ABEV3.SA;BBAS3.SA;BBDC4.SA;ITUB4.SA;VALE3.SA,-0.019274425316660116,0.00015074052957076727,708,2025-10-29,1.0,0.2473832901970739,monthly,0,2025-10-01
2025-10-31,0.2473832901970739,0.2473832901970739,0.2473832901970739,0.2473832901970739,0.010466839211704548,5,ABEV3.SA;BBAS3.SA;BBDC4.SA;ITUB4.SA;VALE3.SA,-0.014191898201780209,0.00028619781458849895,709,2025-10-30,1.0,0.2473832901970739,monthly,0,2025-10-01
2025-11-03,0.16841113986861744,0.2473832901970739,0.2473832901970739,0.16841113986861744,0.16841113986861744,5,ABEV3.SA;BBAS3.SA;BBDC4.SA;ITUB4.SA;VALE3.SA,-0.007648234725335196,0.00020877695516647,710,2025-10-31,1.0,0.2473832901970739,monthly,1,2025-11-03
2025-11-04,0.16841113986861744,0.2473832901970739,0.2473832901970739,0.16841113986861744,0.16841113986861744,5,ABEV3.SA;BBAS3.SA;BBDC4.SA;ITUB4.SA;VALE3.SA,-0.005105249395157621,0.0001722177581124525,711,2025-11-03,1.0,0.2473832901970739,monthly,0,2025-11-03
2025-11-05,0.16841113986861744,0.2473832901970739,0.2473832901970739,0.16841113986861744,0.16841113986861744,5,ABEV3.SA;BBAS3.SA;BBDC4.SA;ITUB4.SA;VALE3.SA,-0.00799386914906724,0.0002035428797335441,712,2025-11-04,1.0,0.2473832901970739,monthly,0,2025-11-03
2025-11-06,0.16841113986861744,0.2473832901970739,0.2473832901970739,0.16841113986861744,0.16841113986861744,5,ABEV3.SA;BBAS3.SA;BBDC4.SA;ITUB4.SA;VALE3.SA,-0.006424990320627072,0.0003164478605796447,713,2025-11-05,1.0,0.2473832901970739,monthly,0,2025-11-03
2025-11-07,0.16841113986861744,0.2473832901970739,0.2473832901970739,0.16841113986861744,0.16841113986861744,5,ABEV3.SA;BBAS3.SA;BBDC4.SA;ITUB4.SA;VALE3.SA,-0.006655920891499793,0.00029953217278840016,714,2025-11-06,1.0,0.2473832901970739,monthly,0,2025-11-03
2025-11-10,0.16841113986861744,0.2473832901970739,0.2473832901970739,0.16841113986861744,0.16841113986861744,5,ABEV3.SA;BBAS3.SA;BBDC4.SA;ITUB4.SA;VALE3.SA,-0.005595354154047804,0.00015851773285459244,715,2025-11-07,1.0,0.2473832901970739,monthly,0,2025-11-03
2025-11-11,0.16841113986861744,0.2473832901970739,0.2473832901970739,0.16841113986861744,0.16841113986861744,5,ABEV3.SA;BBAS3.SA;BBDC4.SA;ITUB4.SA;VALE3.SA,-0.01011216569625518,0.00025584187408968245,716,2025-11-10,1.0,0.2473832901970739,monthly,0,2025-11-03
2025-11-12,0.16841113986861744,0.2473832901970739,0.2473832901970739,0.16841113986861744,0.16841113986861744,5,ABEV3.SA;BBAS3.SA;BBDC4.SA;ITUB4.SA;VALE3.SA,-0.01010069420407127,0.00024811219567334904,717,2025-11-11,1.0,0.2473832901970739,monthly,0,2025-11-03
2025-11-13,0.16841113986861744,0.2473832901970739,0.2473832901970739,0.16841113986861744,0.16841113986861744,5,ABEV3.SA;BBAS3.SA;BBDC4.SA;ITUB4.SA;VALE3.SA,-0.012052209662831454,0.0003908048238575646,718,2025-11-12,1.0,0.2473832901970739,monthly,0,2025-11-03
2025-11-14,0.16841113986861744,0.2473832901970739,0.2473832901970739,0.16841113986861744,0.16841113986861744,5,ABEV3.SA;BBAS3.SA;BBDC4.SA;ITUB4.SA;VALE3.SA,-0.009425522222029794,0.0002504684905258815,719,2025-11-13,1.0,0.2473832901970739,monthly,0,2025-11-03
2025-11-17,0.16841113986861744,0.2473832901970739,0.2473832901970739,0.16841113986861744,0.16841113986861744,5,ABEV3.SA;BBAS3.SA;BBDC4.SA;ITUB4.SA;VALE3.SA,-0.008151988245332836,0.00019754857695879953,720,2025-11-14,1.0,0.2473832901970739,monthly,0,2025-11-03
2025-11-18,0.16841113986861744,0.2473832901970739,0.2473832901970739,0.16841113986861744,0.16841113986861744,5,ABEV3.SA;BBAS3.SA;BBDC4.SA;ITUB4.SA;VALE3.SA,-0.009289169394949863,0.0002621177275992755,721,2025-11-17,1.0,0.2473832901970739,monthly,0,2025-11-03
2025-11-19,0.16841113986861744,0.2473832901970739,0.2473832901970739,0.16841113986861744,0.16841113986861744,5,ABEV3.SA;BBAS3.SA;BBDC4.SA;ITUB4.SA;VALE3.SA,-0.0044203254835870585,0.00037142102957901755,722,2025-11-18,1.0,0.2473832901970739,monthly,0,2025-11-03
2025-11-21,0.16841113986861744,0.2473832901970739,0.2473832901970739,0.16841113986861744,0.16841113986861744,5,ABEV3.SA;BBAS3.SA;BBDC4.SA;ITUB4.SA;VALE3.SA,-0.008873109709704447,0.00045523483326294736,723,2025-11-19,1.0,0.2473832901970739,monthly,0,2025-11-03
2025-11-24,0.16841113986861744,0.2473832901970739,0.2473832901970739,0.16841113986861744,0.16841113986861744,5,ABEV3.SA;BBAS3.SA;BBDC4.SA;ITUB4.SA;VALE3.SA,-0.010148148748755772,0.00045770920242045626,724,2025-11-21,1.0,0.2473832901970739,monthly,0,2025-11-03
2025-11-25,0.16841113986861744,0.2473832901970739,0.2473832901970739,0.16841113986861744,0.16841113986861744,5,ABEV3.SA;BBAS3.SA;BBDC4.SA;ITUB4.SA;VALE3.SA,-0.00890969433852536,0.0003606931348281006,725,2025-11-24,1.0,0.2473832901970739,monthly,0,2025-11-03
2025-11-26,0.16841113986861744,0.2473832901970739,0.2473832901970739,0.16841113986861744,0.16841113986861744,5,ABEV3.SA;BBAS3.SA;BBDC4.SA;ITUB4.SA;VALE3.SA,-0.009253865612774964,0.00043250746790245446,726,2025-11-25,1.0,0.2473832901970739,monthly,0,2025-11-03
2025-11-27,0.16841113986861744,0.2473832901970739,0.2473832901970739,0.16841113986861744,0.16841113986861744,5,ABEV3.SA;BBAS3.SA;BBDC4.SA;ITUB4.SA;VALE3.SA,-0.003997528002903485,0.0002592334345593862,727,2025-11-26,1.0,0.2473832901970739,monthly,0,2025-11-03
2025-11-28,0.16841113986861744,0.2473832901970739,0.2473832901970739,0.16841113986861744,0.16841113986861744,5,ABEV3.SA;BBAS3.SA;BBDC4.SA;ITUB4.SA;VALE3.SA,-0.00450332147544667,0.0003657771309183746,728,2025-11-27,1.0,0.2473832901970739,monthly,0,2025-11-03
2025-12-01,0.16841113986861744,0.2473832901970739,0.2473832901970739,0.16841113986861744,0.16841113986861744,5,ABEV3.SA;BBAS3.SA;BBDC4.SA;ITUB4.SA;VALE3.SA,-0.004893035912422992,0.00024903762676725433,729,2025-11-28,1.0,0.2473832901970739,monthly,1,2025-12-01
2025-12-02,0.16841113986861744,0.2473832901970739,0.2473832901970739,0.16841113986861744,0.16841113986861744,5,ABEV3.SA;BBAS3.SA;BBDC4.SA;ITUB4.SA;VALE3.SA,-0.008430059021621078,0.00027416874528074324,730,2025-12-01,1.0,0.2473832901970739,monthly,0,2025-12-01
2025-12-03,0.16841113986861744,0.2473832901970739,0.2473832901970739,0.16841113986861744,0.16841113986861744,5,ABEV3.SA;BBAS3.SA;BBDC4.SA;ITUB4.SA;VALE3.SA,-0.01018134925248618,0.00020991004540379387,731,2025-12-02,1.0,0.2473832901970739,monthly,0,2025-12-01
2025-12-04,0.16841113986861744,0.2473832901970739,0.2473832901970739,0.16841113986861744,0.16841113986861744,5,ABEV3.SA;BBAS3.SA;BBDC4.SA;ITUB4.SA;VALE3.SA,-0.011289196882494279,0.0003907863516594321,732,2025-12-03,1.0,0.2473832901970739,monthly,0,2025-12-01
2025-12-05,0.16841113986861744,0.2473832901970739,0.2473832901970739,0.16841113986861744,0.16841113986861744,5,ABEV3.SA;BBAS3.SA;BBDC4.SA;ITUB4.SA;VALE3.SA,-0.014862399644576913,0.00035404912905459237,733,2025-12-04,1.0,0.2473832901970739,monthly,0,2025-12-01
2025-12-08,0.16841113986861744,0.2473832901970739,0.2473832901970739,0.16841113986861744,0.16841113986861744,5,ABEV3.SA;BBAS3.SA;BBDC4.SA;ITUB4.SA;VALE3.SA,-0.017058444127410647,0.0003518628430900096,734,2025-12-05,1.0,0.2473832901970739,monthly,0,2025-12-01
2025-12-09,0.16841113986861744,0.2473832901970739,0.2473832901970739,0.16841113986861744,0.16841113986861744,5,ABEV3.SA;BBAS3.SA;BBDC4.SA;ITUB4.SA;VALE3.SA,-0.012868675065377028,0.0002688067646296457,735,2025-12-08,1.0,0.2473832901970739,monthly,0,2025-12-01
2025-12-10,0.16841113986861744,0.2473832901970739,0.2473832901970739,0.16841113986861744,0.16841113986861744,5,ABEV3.SA;BBAS3.SA;BBDC4.SA;ITUB4.SA;VALE3.SA,-0.01633270949056171,0.00024330297189724677,736,2025-12-09,1.0,0.2473832901970739,monthly,0,2025-12-01
2025-12-11,0.16841113986861744,0.2473832901970739,0.2473832901970739,0.16841113986861744,0.16841113986861744,5,ABEV3.SA;BBAS3.SA;BBDC4.SA;ITUB4.SA;VALE3.SA,-0.02026889802338395,0.00027722949070078105,737,2025-12-10,1.0,0.2473832901970739,monthly,0,2025-12-01
2025-12-12,0.16841113986861744,0.2473832901970739,0.2473832901970739,0.16841113986861744,0.16841113986861744,5,ABEV3.SA;BBAS3.SA;BBDC4.SA;ITUB4.SA;VALE3.SA,-0.019961255332413802,0.00024216525137631356,738,2025-12-11,1.0,0.2473832901970739,monthly,0,2025-12-01
2025-12-15,0.16841113986861744,0.2473832901970739,0.2473832901970739,0.16841113986861744,0.16841113986861744,5,ABEV3.SA;BBAS3.SA;BBDC4.SA;ITUB4.SA;VALE3.SA,-0.018762136406714,0.00018572192166152205,739,2025-12-12,1.0,0.2473832901970739,monthly,0,2025-12-01
2025-12-16,0.16841113986861744,0.2473832901970739,0.2473832901970739,0.16841113986861744,0.16841113986861744,5,ABEV3.SA;BBAS3.SA;BBDC4.SA;ITUB4.SA;VALE3.SA,0.005288816272246441,0.00018056002487792615,740,2025-12-15,1.0,0.2473832901970739,monthly,0,2025-12-01
2025-12-17,0.16841113986861744,0.2473832901970739,0.2473832901970739,0.16841113986861744,0.16841113986861744,5,ABEV3.SA;BBAS3.SA;BBDC4.SA;ITUB4.SA;VALE3.SA,0.003430168515506972,0.0002428486869068337,741,2025-12-16,1.0,0.2473832901970739,monthly,0,2025-12-01
2025-12-18,0.16841113986861744,0.2473832901970739,0.2473832901970739,0.16841113986861744,0.16841113986861744,5,ABEV3.SA;BBAS3.SA;BBDC4.SA;ITUB4.SA;VALE3.SA,0.005982254952158721,0.00022042619333144574,742,2025-12-17,1.0,0.2473832901970739,monthly,0,2025-12-01
2025-12-19,0.16841113986861744,0.2473832901970739,0.2473832901970739,0.16841113986861744,0.16841113986861744,5,ABEV3.SA;BBAS3.SA;BBDC4.SA;ITUB4.SA;VALE3.SA,0.006659934406614047,0.00039746747142647515,743,2025-12-18,1.0,0.2473832901970739,monthly,0,2025-12-01
2025-12-22,0.16841113986861744,0.2473832901970739,0.2473832901970739,0.16841113986861744,0.16841113986861744,5,ABEV3.SA;BBAS3.SA;BBDC4.SA;ITUB4.SA;VALE3.SA,0.006972647233150314,0.00027193726855209265,744,2025-12-19,1.0,0.2473832901970739,monthly,0,2025-12-01
2025-12-23,0.16841113986861744,0.2473832901970739,0.2473832901970739,0.16841113986861744,0.16841113986861744,5,ABEV3.SA;BBAS3.SA;BBDC4.SA;ITUB4.SA;VALE3.SA,0.005965164489165871,0.0003161056431324618,745,2025-12-22,1.0,0.2473832901970739,monthly,0,2025-12-01
2025-12-26,0.16841113986861744,0.2473832901970739,0.2473832901970739,0.16841113986861744,0.16841113986861744,5,ABEV3.SA;BBAS3.SA;BBDC4.SA;ITUB4.SA;VALE3.SA,-0.010125686641012013,0.00040453426470642915,746,2025-12-23,1.0,0.2473832901970739,monthly,0,2025-12-01
2025-12-29,0.16841113986861744,0.2473832901970739,0.2473832901970739,0.16841113986861744,0.16841113986861744,5,ABEV3.SA;BBAS3.SA;BBDC4.SA;ITUB4.SA;VALE3.SA,-0.0042509288129978385,0.0003403250232335233,747,2025-12-26,1.0,0.2473832901970739,monthly,0,2025-12-01
2025-12-30,0.16841113986861744,0.2473832901970739,0.2473832901970739,0.16841113986861744,0.16841113986861744,5,ABEV3.SA;BBAS3.SA;BBDC4.SA;ITUB4.SA;VALE3.SA,0.0004107914941327073,0.000315709604253775,748,2025-12-29,1.0,0.2473832901970739,monthly,0,2025-12-01
