view_date,VALE3.SA,BBAS3.SA,ITUB4.SA,BBDC4.SA,ABEV3.SA,views_count,view_tickers,Q_mean,Omega_mean,prior_obs,prior_end_date
2025-01-02,-0.0028686069028926813,-0.000701082531624917,-0.0009730475510649932,-0.001193365236978617,-0.0006986256054042371,5,ABEV3.SA;BBAS3.SA;BBDC4.SA;ITUB4.SA;VALE3.SA,-0.007579857859950852,0.0005990285306374572,499,2024-12-30
2025-01-03,-0.0018645299155254965,-0.0005618306944811424,-0.0007742956229591066,-0.0009543569555748274,-0.00045182898245070324,5,ABEV3.SA;BBAS3.SA;BBDC4.SA;ITUB4.SA;VALE3.SA,-0.005017005935501662,0.0007745315423765903,500,2025-01-02
2025-01-06,-0.0026137323505652514,-0.0006183582452327306,-0.0009505063532503973,-0.0011934201930718863,-0.0007144398959576964,5,ABEV3.SA;BBAS3.SA;BBDC4.SA;ITUB4.SA;VALE3.SA,-0.0011912309823318673,0.0004989882010706231,501,2025-01-03
2025-01-07,0.0004579808244234452,-0.00016146547514153616,-0.0002244137905201291,-0.00019326743123256404,1.0507545285060284e-05,5,ABEV3.SA;BBAS3.SA;BBDC4.SA;ITUB4.SA;VALE3.SA,0.010810127131574119,0.0008130343428892552,502,2025-01-06
2025-01-08,0.00019540271569984177,-0.0002860512112321857,-0.00039348304426396795,-0.0004937787576566044,-0.00023382202139884134,5,ABEV3.SA;BBAS3.SA;BBDC4.SA;ITUB4.SA;VALE3.SA,0.006438532926595457,0.0011688000498297304,503,2025-01-07
2025-01-09,-0.0007190875194734567,-0.00012778065837225244,-0.00019085364429156346,0.00010926349537086465,-0.00040186143641308324,5,ABEV3.SA;BBAS3.SA;BBDC4.SA;ITUB4.SA;VALE3.SA,-0.0002659872744888228,0.0002820399015451977,504,2025-01-08
2025-01-10,-0.00035822486592765063,-0.0002545543133399114,-0.00041231563248831304,-0.0005372248236238346,-0.0001560108146036221,5,ABEV3.SA;BBAS3.SA;BBDC4.SA;ITUB4.SA;VALE3.SA,0.005579758105536308,0.0003703912239420327,505,2025-01-09
2025-01-13,-0.0006497908317203204,-0.0005336881441736998,-0.0008383538069781586,-0.0015030642601574805,-0.00020772516700871664,5,ABEV3.SA;BBAS3.SA;BBDC4.SA;ITUB4.SA;VALE3.SA,0.000705069928152591,0.00037272682169671315,506,2025-01-10
2025-01-14,-0.0022295972412550284,0.00039398077338540915,-2.6533717239595036e-05,0.00016346665435406323,-0.0003173903793993006,5,ABEV3.SA;BBAS3.SA;BBDC4.SA;ITUB4.SA;VALE3.SA,0.006277754641599009,0.00015596102188107153,507,2025-01-13
2025-01-15,7.488598439084286e-05,-0.00023044021677437929,-0.00045726450675690763,-0.0008903323061591307,-0.0004003169320627165,5,ABEV3.SA;BBAS3.SA;BBDC4.SA;ITUB4.SA;VALE3.SA,0.0029976997193412306,0.00013514961606073578,508,2025-01-14
2025-01-16,-0.002483432232251025,-0.00048586749153018376,-0.0007300417688344193,-0.0009045527000751165,-0.0006472857224967205,5,ABEV3.SA;BBAS3.SA;BBDC4.SA;ITUB4.SA;VALE3.SA,-0.0033688547037839358,0.00020637603963013086,509,2025-01-15
2025-01-17,-0.0021043244120631027,-0.0003918323328052553,-0.0006205511395348318,-0.0007480719642770769,-0.0005937458237795988,5,ABEV3.SA;BBAS3.SA;BBDC4.SA;ITUB4.SA;VALE3.SA,-0.00025572663279799305,0.00017187121651056524,510,2025-01-16
2025-01-20,-0.0009255618743696241,-0.0006460403397869546,-0.0009249208193081466,-0.0014214644272197883,-0.0011507712387599292,5,ABEV3.SA;BBAS3.SA;BBDC4.SA;ITUB4.SA;VALE3.SA,-0.001997515734686081,0.00020405237749900501,511,2025-01-17
2025-01-21,5.4837771158254336e-05,-0.0005166023137843202,-0.0003148730504085992,-0.000124326023180545,-0.0007732970480734528,5,ABEV3.SA;BBAS3.SA;BBDC4.SA;ITUB4.SA;VALE3.SA,-0.0055546895306144714,0.00013403057150634723,512,2025-01-20
2025-01-22,-0.0009171300896206511,0.0007975715596816285,0.00023910613479321353,0.00037612250135242496,-0.0008157082971257284,5,ABEV3.SA;BBAS3.SA;BBDC4.SA;ITUB4.SA;VALE3.SA,0.004963863527716073,0.0001321355378427126,513,2025-01-21
2025-01-23,-1.1642800316478051e-05,0.0046773044906441245,0.0027231402478072324,0.0029272471997402023,0.0011192350466685617,5,ABEV3.SA;BBAS3.SA;BBDC4.SA;ITUB4.SA;VALE3.SA,0.012665812053473603,0.0001377919838446389,514,2025-01-22
2025-01-24,0.000410037607215625,0.0028831068896226224,0.003189735497543575,0.0043309066472047636,0.0012919702988738227,5,ABEV3.SA;BBAS3.SA;BBDC4.SA;ITUB4.SA;VALE3.SA,0.015810481473169342,0.00017068312675817227,515,2025-01-23
2025-01-27,-0.0004317003966514137,0.0003604123933834019,0.0003629917856878227,0.0008636503038111897,-3.8991505491729136e-05,5,ABEV3.SA;BBAS3.SA;BBDC4.SA;ITUB4.SA;VALE3.SA,0.0029661221895366996,9.667672086748016e-05,516,2025-01-24
2025-01-28,-0.0007524557970777726,0.00659881401084276,0.0036775519024257576,0.003675256618694359,0.001685020407521644,5,ABEV3.SA;BBAS3.SA;BBDC4.SA;ITUB4.SA;VALE3.SA,0.009058411100206776,0.0007164816746369708,517,2025-01-27
2025-01-29,-0.0005908367925561342,6.909576971447816e-05,-8.919557275156226e-05,-0.00011669444286499883,-0.00018027525901196387,5,ABEV3.SA;BBAS3.SA;BBDC4.SA;ITUB4.SA;VALE3.SA,0.00972859184257686,0.0010505132330275828,518,2025-01-28
2025-01-30,0.004128841946239486,0.0003750461549728495,0.0005121183317437558,0.0005334928450698417,0.0003203223155500914,5,ABEV3.SA;BBAS3.SA;BBDC4.SA;ITUB4.SA;VALE3.SA,0.008383206567040457,0.0008187543035931948,519,2025-01-29
2025-01-31,-0.0015726709886101976,0.00011829138457331594,1.0854515559396332e-05,-0.00013222984552608508,-0.0002213473536954619,5,ABEV3.SA;BBAS3.SA;BBDC4.SA;ITUB4.SA;VALE3.SA,-0.0015847461803227345,0.0006529256247672912,520,2025-01-30
2025-02-03,9.63188003578862e-05,0.0017752738329017699,0.0021184320229959376,0.0018780035801230868,0.0007249037106591741,5,ABEV3.SA;BBAS3.SA;BBDC4.SA;ITUB4.SA;VALE3.SA,0.01121107175390581,0.000915595998887708,521,2025-01-31
2025-02-04,-0.0003185141188982589,0.00019800228983498874,7.949261352293819e-05,4.6431290682641006e-05,-9.205462221846548e-05,5,ABEV3.SA;BBAS3.SA;BBDC4.SA;ITUB4.SA;VALE3.SA,0.00469374521635472,0.0006193961882274562,522,2025-02-03
2025-02-05,0.002046879271867949,0.004728666145890521,0.00791329361055723,0.00704713081849806,0.002911866515278146,5,ABEV3.SA;BBAS3.SA;BBDC4.SA;ITUB4.SA;VALE3.SA,0.010825228141364687,0.0010283608982977767,523,2025-02-04
2025-02-06,0.0022568394432101345,0.0014030252336984868,0.0025656874167334863,0.0023089653197441063,0.0009487005515405899,5,ABEV3.SA;BBAS3.SA;BBDC4.SA;ITUB4.SA;VALE3.SA,0.005219908476698407,0.000847254964747454,524,2025-02-05
2025-02-07,0.000816869692793609,0.0010799464233685852,0.00194554398692844,0.0024769234175879957,0.0007312110170325051,5,ABEV3.SA;BBAS3.SA;BBDC4.SA;ITUB4.SA;VALE3.SA,0.009549787036128372,0.0005515450871778359,525,2025-02-06
2025-02-10,-0.0006267842167527266,0.00011555431440930435,-1.2774812727527943e-05,-6.243077945690968e-07,-0.0001438660393262332,5,ABEV3.SA;BBAS3.SA;BBDC4.SA;ITUB4.SA;VALE3.SA,0.0016911612620955912,0.00032281364086405597,526,2025-02-07
2025-02-11,-0.0007160178251110717,5.3042129046569164e-05,-3.179581111787179e-05,0.00025674252382420576,-0.00012918777666382636,5,ABEV3.SA;BBAS3.SA;BBDC4.SA;ITUB4.SA;VALE3.SA,0.0008605186054982033,0.00043333373608027144,527,2025-02-10
2025-02-12,0.0008169333481738472,0.0010667660986598145,0.0016322562998917379,0.0036452798072432804,0.0007787016480919158,5,ABEV3.SA;BBAS3.SA;BBDC4.SA;ITUB4.SA;VALE3.SA,0.008962760295201263,0.0012311529967826604,528,2025-02-11
2025-02-13,0.000748847837499133,0.0008852582705367327,0.0013649499850677488,0.0031077335434334134,0.0006293555450285433,5,ABEV3.SA;BBAS3.SA;BBDC4.SA;ITUB4.SA;VALE3.SA,0.008910177180706016,0.0012745368584174332,529,2025-02-12
2025-02-14,0.00042650919876975136,0.0006986373049035527,0.000685771462191018,0.0014210778835721351,0.0002643047672348861,5,ABEV3.SA;BBAS3.SA;BBDC4.SA;ITUB4.SA;VALE3.SA,0.008526056556775352,0.0003109489907713281,530,2025-02-13
2025-02-17,4.721817987979806e-05,0.0006911888243637454,0.0010242062244137293,0.00242929393369458,0.000432177949408527,5,ABEV3.SA;BBAS3.SA;BBDC4.SA;ITUB4.SA;VALE3.SA,0.007787282982868235,0.0006592275938013009,531,2025-02-14
2025-02-18,0.00021230156564765426,0.00037062188455269386,0.0005808305950077312,0.0014921746772351234,0.00021973708193569888,5,ABEV3.SA;BBAS3.SA;BBDC4.SA;ITUB4.SA;VALE3.SA,0.0074937632556709875,0.0011715883604085846,532,2025-02-17
2025-02-19,-0.00010918722891216968,0.0011440225523160089,0.0010686157649107838,0.0019816722423205684,0.0004302521493978392,5,ABEV3.SA;BBAS3.SA;BBDC4.SA;ITUB4.SA;VALE3.SA,0.008558351136837438,0.00028084865318682385,533,2025-02-18
2025-02-20,0.0014242532752843438,0.0003732303867720437,0.0005034987027758956,0.0009614041427251171,0.0002053620283039346,5,ABEV3.SA;BBAS3.SA;BBDC4.SA;ITUB4.SA;VALE3.SA,0.011282487537665925,0.0003459829537978946,534,2025-02-19
2025-02-21,0.0010356377501674445,3.6947619175756343e-06,2.1469745631350507e-05,0.00014277887490558045,-4.4655384690285586e-05,5,ABEV3.SA;BBAS3.SA;BBDC4.SA;ITUB4.SA;VALE3.SA,0.009442427295806004,0.0004911990543393027,535,2025-02-20
2025-02-24,-0.0017094234454331392,-0.0003231633278606397,-0.0004859688447607328,-0.0004970496754670945,-0.0004179243173006642,5,ABEV3.SA;BBAS3.SA;BBDC4.SA;ITUB4.SA;VALE3.SA,0.0017831494643872966,0.0005478253683895173,536,2025-02-21
2025-02-25,0.0005173538015303075,0.0001001152062314036,8.848331892375652e-05,0.0002575659733562972,-4.294621646144884e-05,5,ABEV3.SA;BBAS3.SA;BBDC4.SA;ITUB4.SA;VALE3.SA,0.009199747891648517,0.0003016686202817341,537,2025-02-24
2025-02-26,0.0016266923427907711,0.0029282142278523036,0.0026375483014413276,0.003306575578276573,0.004347336386644477,5,ABEV3.SA;BBAS3.SA;BBDC4.SA;ITUB4.SA;VALE3.SA,0.03175248884740545,0.00014045481467357158,538,2025-02-25
2025-02-27,-0.00039974445471751256,0.0019343642463983842,0.0015398957363386599,0.0018375370736147339,0.0028897326453595916,5,ABEV3.SA;BBAS3.SA;BBDC4.SA;ITUB4.SA;VALE3.SA,0.023020570417733026,0.00021552559349233757,539,2025-02-26
2025-02-28,-0.0011301477624735554,0.0003813509985204605,0.0002428410777989089,0.0003746041949178771,0.001117502586771983,5,ABEV3.SA;BBAS3.SA;BBDC4.SA;ITUB4.SA;VALE3.SA,0.017310085638386388,0.0003538483041427226,540,2025-02-27
2025-03-05,-0.0003770335700219284,0.0005254049890647322,0.00014955436776060966,0.0001769348197028872,-0.00010950633580566549,5,ABEV3.SA;BBAS3.SA;BBDC4.SA;ITUB4.SA;VALE3.SA,0.010995828560587862,0.0003239625559098129,541,2025-02-28
2025-03-06,0.0011381656236686994,0.0009736607806509694,0.0006589304376999534,0.0008036213227861544,0.00015459848095603673,5,ABEV3.SA;BBAS3.SA;BBDC4.SA;ITUB4.SA;VALE3.SA,0.013652208401937541,0.00019718651722342985,542,2025-03-05
2025-03-07,0.0004312279628884295,0.0002676210631350931,0.0003973124778613455,0.0009311875704708958,-2.4240439167256108e-05,5,ABEV3.SA;BBAS3.SA;BBDC4.SA;ITUB4.SA;VALE3.SA,0.01172269055630782,0.0004005154136019146,543,2025-03-06
2025-03-10,-0.0006452420765251942,0.0005469979941707293,0.000773713606711091,0.0018615490115770144,0.00012474624790235114,5,ABEV3.SA;BBAS3.SA;BBDC4.SA;ITUB4.SA;VALE3.SA,0.00259348398839529,0.00018907443097063658,544,2025-03-07
2025-03-11,0.0003751219472285036,0.00036956160935433025,0.0002590681151758325,0.00048216009997997344,-9.13676933099915e-06,5,ABEV3.SA;BBAS3.SA;BBDC4.SA;ITUB4.SA;VALE3.SA,0.014038470067558989,0.0002621821896143531,545,2025-03-10
2025-03-12,-0.0027692603851117705,-0.0005290878079378221,-0.0007929311739513637,-0.0007043346080171255,-0.0017896067592798146,5,ABEV3.SA;BBAS3.SA;BBDC4.SA;ITUB4.SA;VALE3.SA,-0.0019189242110442127,0.00028489984089443527,546,2025-03-11
2025-03-13,-0.0007372635576468134,7.395416665067957e-05,6.709318693698351e-05,0.00039258295746796883,-0.00019232135141972821,5,ABEV3.SA;BBAS3.SA;BBDC4.SA;ITUB4.SA;VALE3.SA,0.00928277056664228,0.0003164772608808584,547,2025-03-12
2025-03-14,0.0009328708816150062,0.0007353650513448229,0.0009360831612510788,0.0018357335814979815,0.00029406132188783564,5,ABEV3.SA;BBAS3.SA;BBDC4.SA;ITUB4.SA;VALE3.SA,0.013899385251715624,0.00019594253412457048,548,2025-03-13
2025-03-17,0.0008553892341022739,0.0008872254576046936,0.0012781737962951096,0.0025013633471918082,0.0004559999543229006,5,ABEV3.SA;BBAS3.SA;BBDC4.SA;ITUB4.SA;VALE3.SA,0.012880720603447735,0.00030272389860331526,549,2025-03-14
2025-03-18,0.0009172127130206683,0.0025442131836252483,0.004030150727442189,0.005167728973963008,0.0015525639673430534,5,ABEV3.SA;BBAS3.SA;BBDC4.SA;ITUB4.SA;VALE3.SA,0.011248601966551638,0.0008890944819175026,550,2025-03-17
2025-03-19,3.952912610251825e-05,0.0004768852324236461,0.0006932597768096036,0.001177639333740652,0.00018224553392938542,5,ABEV3.SA;BBAS3.SA;BBDC4.SA;ITUB4.SA;VALE3.SA,0.00702275211462189,0.00043390911068465763,551,2025-03-18
2025-03-20,0.0002279851296709871,0.0019536736948956796,0.0026279879680002104,0.005399273756667569,0.0012407920783585914,5,ABEV3.SA;BBAS3.SA;BBDC4.SA;ITUB4.SA;VALE3.SA,0.011760081982209413,0.00022625095076827715,552,2025-03-19
2025-03-21,-0.0007252737592532192,0.0002461726407765284,0.00020663389059255956,0.0005555571416646735,-2.2039320611790758e-05,5,ABEV3.SA;BBAS3.SA;BBDC4.SA;ITUB4.SA;VALE3.SA,0.00596585423627553,0.00028931249133351355,553,2025-03-20
2025-03-24,0.000567410755930492,5.278464422456894e-05,7.041335637092049e-05,0.00016846082961110886,-4.0647696188210385e-06,5,ABEV3.SA;BBAS3.SA;BBDC4.SA;ITUB4.SA;VALE3.SA,0.007574357725731234,0.0006486262265314937,554,2025-03-21
2025-03-25,-0.0006987645753595049,-0.00016128371274594646,-0.000265053710651252,-0.00034375109585843403,-0.0002411861842719573,5,ABEV3.SA;BBAS3.SA;BBDC4.SA;ITUB4.SA;VALE3.SA,-0.0029944428377215175,0.0005287314357292611,555,2025-03-24
2025-03-26,-0.0008204973833828408,-0.00019932714143280593,-0.0003259953819789634,-0.0004344475427352966,-0.00025537103548805244,5,ABEV3.SA;BBAS3.SA;BBDC4.SA;ITUB4.SA;VALE3.SA,-0.003727612116263062,0.000810018388044886,556,2025-03-25
2025-03-27,0.00012455337455272115,0.0001759766940560697,5.9656433756405725e-06,-5.2969845665702206e-05,-4.813889640525103e-05,5,ABEV3.SA;BBAS3.SA;BBDC4.SA;ITUB4.SA;VALE3.SA,0.0033925699028583894,0.0010281268482587485,557,2025-03-26
2025-03-28,-0.0007073827278482189,0.00020930105590630352,-0.00017036591485812587,-0.00023289911883277045,-0.00015327927304256884,5,ABEV3.SA;BBAS3.SA;BBDC4.SA;ITUB4.SA;VALE3.SA,-0.005214231460277406,0.0009468725917613387,558,2025-03-27
2025-03-31,0.0005789664542600805,0.0006277079005934094,0.00047489383694926634,0.00042978847456178235,0.00013620032167694387,5,ABEV3.SA;BBAS3.SA;BBDC4.SA;ITUB4.SA;VALE3.SA,0.006996112502111083,0.00033072885623885675,559,2025-03-28
2025-04-01,0.0008017578469943852,0.00029416905298637364,0.00037907702325438997,0.00038514674720930376,8.622378032458513e-05,5,ABEV3.SA;BBAS3.SA;BBDC4.SA;ITUB4.SA;VALE3.SA,0.009554277663875765,0.00030271660540381504,560,2025-03-31
2025-04-02,-0.00020322992085997695,0.00023835463788183237,8.498532525785616e-05,0.00017647052378132308,-5.4264311319823654e-05,5,ABEV3.SA;BBAS3.SA;BBDC4.SA;ITUB4.SA;VALE3.SA,0.0020210920833051197,0.0003402345610801445,561,2025-04-01
2025-04-03,-0.0018827479058529137,-0.0002003912763983628,-0.0003969203563352482,-0.0004477245478928379,-0.0003815119671993008,5,ABEV3.SA;BBAS3.SA;BBDC4.SA;ITUB4.SA;VALE3.SA,-0.0032815140859397294,0.0002376424011088249,562,2025-04-02
2025-04-04,-0.0037981018034141645,-0.00037360461201927574,-0.0007486817509061935,-0.00094366519228107,-0.0006085692023770738,5,ABEV3.SA;BBAS3.SA;BBDC4.SA;ITUB4.SA;VALE3.SA,0.0018361770897199023,0.0007072879214190726,563,2025-04-03
2025-04-07,-0.0016915175492447946,0.00026114765493872303,0.00024556501296700865,9.08394050237463e-05,-0.00017990526386508856,5,ABEV3.SA;BBAS3.SA;BBDC4.SA;ITUB4.SA;VALE3.SA,0.00816740026740792,0.0006847625151803483,564,2025-04-04
2025-04-08,-0.0010373804666689807,0.00042234402346809027,1.8535032784003625e-05,-2.066723835859587e-05,-0.00011884943918614417,5,ABEV3.SA;BBAS3.SA;BBDC4.SA;ITUB4.SA;VALE3.SA,0.005847567024310852,0.0007749426455462206,565,2025-04-07
2025-04-09,-0.0004450092818026509,-0.0001950895258337824,-0.000301402162444159,-0.0003501856917936312,-0.00027793625260567564,5,ABEV3.SA;BBAS3.SA;BBDC4.SA;ITUB4.SA;VALE3.SA,0.005151100333552211,0.0007375578880892525,566,2025-04-08
2025-04-10,0.00033800758896979105,-0.0001261411433324761,-0.00017068665004117144,-0.00015939086190230645,-0.00035676558144560536,5,ABEV3.SA;BBAS3.SA;BBDC4.SA;ITUB4.SA;VALE3.SA,0.008518806281464513,0.0008971771569959306,567,2025-04-09
2025-04-11,0.0010663900281785731,0.00038663416974666406,0.0002544566779411086,0.000307693570278664,9.250452603051936e-05,5,ABEV3.SA;BBAS3.SA;BBDC4.SA;ITUB4.SA;VALE3.SA,0.013160335212543112,0.0005911498454172835,568,2025-04-10
2025-04-14,0.0007138467886683662,-4.5321211845368174e-05,-4.093726715782949e-05,8.163918759020412e-06,-7.033304409150086e-05,5,ABEV3.SA;BBAS3.SA;BBDC4.SA;ITUB4.SA;VALE3.SA,0.0068406310157794374,0.0012340723698108457,569,2025-04-11
2025-04-15,-0.002816352988927884,-0.0004280578551072033,-0.00064548838034702,-0.0008156347949646671,-0.00036583835533027476,5,ABEV3.SA;BBAS3.SA;BBDC4.SA;ITUB4.SA;VALE3.SA,-0.0012069100944881936,0.0005238254816528661,570,2025-04-14
2025-04-16,-0.0018373604846739677,-0.00038269676878300803,-0.0005489824145289807,-0.0006039633456308778,-0.0007384240721908817,5,ABEV3.SA;BBAS3.SA;BBDC4.SA;ITUB4.SA;VALE3.SA,-0.0019963658167900474,0.0010319079529393898,571,2025-04-15
2025-04-17,-0.0010851030214412494,-0.00019208089233418662,-0.0003466629932757612,-0.0004510819837603021,-0.0003473399637982786,5,ABEV3.SA;BBAS3.SA;BBDC4.SA;ITUB4.SA;VALE3.SA,0.0013907167199314896,0.00042656768037082216,572,2025-04-16
2025-04-22,-0.0006071006472520593,-0.00018783434347739792,-0.00024371870695597174,-0.0002541556147637836,-0.0002864602542755298,5,ABEV3.SA;BBAS3.SA;BBDC4.SA;ITUB4.SA;VALE3.SA,-0.0005163240445771188,0.0005883296136449008,573,2025-04-17
2025-04-23,0.0009645398007847557,-3.5727776134273345e-05,-2.3913190587201992e-05,-6.531884433986083e-05,-8.856950076751128e-05,5,ABEV3.SA;BBAS3.SA;BBDC4.SA;ITUB4.SA;VALE3.SA,0.0017838507782474405,0.000992119773349528,574,2025-04-22
2025-04-24,-0.003326405912039968,0.0008787188882489621,0.0015865549331191711,0.0010245217182386214,0.00021394975014791748,5,ABEV3.SA;BBAS3.SA;BBDC4.SA;ITUB4.SA;VALE3.SA,0.0005884333314342391,0.0004969495065455666,575,2025-04-23
2025-04-25,-0.0017899927562167754,0.00023703377005189485,0.00031057115373579714,0.0010161125837956611,-2.936463599709056e-05,5,ABEV3.SA;BBAS3.SA;BBDC4.SA;ITUB4.SA;VALE3.SA,0.010669818225724652,0.00032455390707182693,576,2025-04-24
2025-04-28,0.0004079341909583409,-0.0002815298424457573,-0.00021101019692911085,-0.0002687124648998377,-0.0003161869740688816,5,ABEV3.SA;BBAS3.SA;BBDC4.SA;ITUB4.SA;VALE3.SA,-0.004461201641559458,0.00021281914887733995,577,2025-04-25
2025-04-29,-0.005177570537226303,-0.0005047739094339258,-0.0009596384076671501,-0.001301178285674645,-0.0008543611288657535,5,ABEV3.SA;BBAS3.SA;BBDC4.SA;ITUB4.SA;VALE3.SA,0.003864194011452558,0.0002884408444887582,578,2025-04-28
2025-04-30,-0.0010835708274676483,0.0015351393745870363,0.002713695195451878,0.002181188096117035,0.000786367716409016,5,ABEV3.SA;BBAS3.SA;BBDC4.SA;ITUB4.SA;VALE3.SA,0.000155916299791194,0.00031428086640125305,579,2025-04-29
2025-05-02,-0.0020559234781022963,-9.979279840341078e-05,-0.000399106758595276,-0.0006467696869937816,-0.0004985003882370261,5,ABEV3.SA;BBAS3.SA;BBDC4.SA;ITUB4.SA;VALE3.SA,0.005061673159328853,0.00025126000568487776,580,2025-04-30
2025-05-05,-0.000875167120751536,-0.00020817021152720632,-0.0003276639102222663,-0.0004958606635605836,-0.0003206275005630398,5,ABEV3.SA;BBAS3.SA;BBDC4.SA;ITUB4.SA;VALE3.SA,0.00032405257225035986,0.0005333532940583524,581,2025-05-02
2025-05-06,-0.0005547823854549606,-0.00017614933763639837,-0.0002845142563858652,-0.00043191411653180546,-0.0003091256674255132,5,ABEV3.SA;BBAS3.SA;BBDC4.SA;ITUB4.SA;VALE3.SA,0.0023697751574218192,0.0005814081970025298,582,2025-05-05
2025-05-07,0.0003626953602472783,0.0011676383589771197,0.0016934676065167374,0.0036417390792759636,0.0007709819974225974,5,ABEV3.SA;BBAS3.SA;BBDC4.SA;ITUB4.SA;VALE3.SA,0.019576300246186108,0.000523535862819044,583,2025-05-06
2025-05-08,0.0036880801786951384,0.0072428879546914855,0.010819266838801913,0.020910492277896736,0.005113192100244944,5,ABEV3.SA;BBAS3.SA;BBDC4.SA;ITUB4.SA;VALE3.SA,0.026718513341376027,0.00021070059188522277,584,2025-05-07
2025-05-09,0.00037157670151406275,0.0006859614269458268,0.0017822593596644007,0.0019618131358578148,0.0005123992337826652,5,ABEV3.SA;BBAS3.SA;BBDC4.SA;ITUB4.SA;VALE3.SA,-0.0071958715899283834,0.00030875353318869636,585,2025-05-08
2025-05-12,0.00019697646037289366,0.0006280732372516311,0.0007437151425627889,0.0014710113129351872,0.0003493860215424736,5,ABEV3.SA;BBAS3.SA;BBDC4.SA;ITUB4.SA;VALE3.SA,0.005923873008461104,0.00016292895118280235,586,2025-05-09
2025-05-13,0.00010494082166189512,0.00118280320018615,0.0008680505451582918,0.0012494632250966411,0.0003062904845202714,5,ABEV3.SA;BBAS3.SA;BBDC4.SA;ITUB4.SA;VALE3.SA,0.016774258879516075,0.00023422496862673738,587,2025-05-12
2025-05-14,7.108248303494659e-05,0.000940915238509092,0.0005754101856479756,0.0005594875728769314,0.00020743639914288286,5,ABEV3.SA;BBAS3.SA;BBDC4.SA;ITUB4.SA;VALE3.SA,0.01933584784386211,0.0005585635993067708,588,2025-05-13
2025-05-15,-6.180855289963309e-05,-0.0007633947782727094,-6.603271504061322e-05,0.0008004659424628997,-4.159428253030818e-05,5,ABEV3.SA;BBAS3.SA;BBDC4.SA;ITUB4.SA;VALE3.SA,-0.011325382995255113,0.000878357817861305,589,2025-05-14
2025-05-16,-0.0005376559827613367,-0.0036418686226639637,-0.0017534793230884979,-0.0010472600631229079,-0.0008906152842849346,5,ABEV3.SA;BBAS3.SA;BBDC4.SA;ITUB4.SA;VALE3.SA,-0.0190278663100685,0.0007926024457611201,590,2025-05-15
2025-05-19,-0.00046407639064290475,-0.004492794852919697,-0.0014638729490676042,-1.9851549299627664e-06,-0.0006818096029780965,5,ABEV3.SA;BBAS3.SA;BBDC4.SA;ITUB4.SA;VALE3.SA,-0.012823003555335413,0.0007362300597708485,591,2025-05-16
2025-05-20,-0.0003119852687102706,-0.0019772721150902637,-0.0009880924288784485,-0.000979726308125987,-0.0005144007193523465,5,ABEV3.SA;BBAS3.SA;BBDC4.SA;ITUB4.SA;VALE3.SA,-0.014743428794746164,0.0009142611628601331,592,2025-05-19
2025-05-21,0.0007192845442531573,0.00535380490573103,0.0027137064509931644,0.0030010340167203296,0.0013007496564641267,5,ABEV3.SA;BBAS3.SA;BBDC4.SA;ITUB4.SA;VALE3.SA,0.029689138901396232,0.0007930258520667517,593,2025-05-20
2025-05-22,0.000440136286167481,0.0032630900259719084,0.0016878600989658498,0.001939216653175228,0.0007886829360770685,5,ABEV3.SA;BBAS3.SA;BBDC4.SA;ITUB4.SA;VALE3.SA,0.019828656916001573,0.0005167513814129268,594,2025-05-21
2025-05-23,-2.846317369207018e-05,0.0021285405462964516,0.001167652634142765,0.001507474685572348,0.0005228203752429311,5,ABEV3.SA;BBAS3.SA;BBDC4.SA;ITUB4.SA;VALE3.SA,0.019090373728640538,0.0007303866378575324,595,2025-05-22
2025-05-26,-0.0007278838479800679,-0.001759630338754472,-0.0006731670609782007,-0.00015296102347684302,-0.00036615017024727074,5,ABEV3.SA;BBAS3.SA;BBDC4.SA;ITUB4.SA;VALE3.SA,-0.01209571429572615,0.000733392914048817,596,2025-05-23
2025-05-27,-0.00020553292740558375,0.0005909178045173474,0.0004998939401311376,0.0011028647796180748,0.00011839729648421649,5,ABEV3.SA;BBAS3.SA;BBDC4.SA;ITUB4.SA;VALE3.SA,0.002608616408150132,0.00028663956732550086,597,2025-05-26
2025-05-28,-0.0004506915989242777,-0.0010674799677496283,-3.428780289513693e-05,0.0008397053307870793,-6.179612718393728e-05,5,ABEV3.SA;BBAS3.SA;BBDC4.SA;ITUB4.SA;VALE3.SA,-0.009936841959099425,0.00030627638257975473,598,2025-05-27
2025-05-29,0.0007742842302168348,-0.0008276233822228028,0.0007470534070965377,0.0009449455144013882,0.00020114542356704817,5,ABEV3.SA;BBAS3.SA;BBDC4.SA;ITUB4.SA;VALE3.SA,-0.00355461797672112,0.00017147607095860704,599,2025-05-28
2025-05-30,0.001885867259410599,0.00304969773202241,0.002615332866823277,0.0035240926166210493,0.0012005004870042594,5,ABEV3.SA;BBAS3.SA;BBDC4.SA;ITUB4.SA;VALE3.SA,0.01960346165562041,0.00014797145534615027,600,2025-05-29
2025-06-02,0.0009268357567724447,-0.0019271411068418657,0.00022894227219113404,0.0010451112508990132,-7.49310912854387e-05,5,ABEV3.SA;BBAS3.SA;BBDC4.SA;ITUB4.SA;VALE3.SA,0.0007422137018617634,8.592717821801742e-05,601,2025-05-30
2025-06-03,-0.0009056306293854965,0.0009105316704813403,0.0007216373783284344,0.0016124188319956642,0.00021265099520090998,5,ABEV3.SA;BBAS3.SA;BBDC4.SA;ITUB4.SA;VALE3.SA,0.002365301054399788,0.0001591134081963293,602,2025-06-02
2025-06-04,-0.00022031635707280966,0.0006362904360254498,0.0001773624985366936,0.00010734276489800518,-1.2307690124027243e-05,5,ABEV3.SA;BBAS3.SA;BBDC4.SA;ITUB4.SA;VALE3.SA,0.00022704051807521993,0.00025087637780138276,603,2025-06-03
2025-06-05,7.482953907143538e-05,-0.0016863819345473686,-0.0008432345835120486,-0.0008372664542164557,-0.0004840081830344033,5,ABEV3.SA;BBAS3.SA;BBDC4.SA;ITUB4.SA;VALE3.SA,-0.003037459258007534,0.0002338128638536171,604,2025-06-04
2025-06-06,-0.00017070637685328828,0.0011014471944989883,0.0004046744553987786,0.0003459597389821795,8.925692239552304e-05,5,ABEV3.SA;BBAS3.SA;BBDC4.SA;ITUB4.SA;VALE3.SA,0.00024597155861555994,0.00037328597043033315,605,2025-06-05
2025-06-09,-0.00031791821759296425,0.0005242681576865362,0.00017068447646068852,8.953191985139508e-05,-2.384565142288625e-05,5,ABEV3.SA;BBAS3.SA;BBDC4.SA;ITUB4.SA;VALE3.SA,5.243038758635e-05,0.00035576678913438363,606,2025-06-06
2025-06-10,-0.0010217073270621195,-0.0012402673823039363,-0.000822511377952032,-0.0009329776505686742,-0.0005141667776688926,5,ABEV3.SA;BBAS3.SA;BBDC4.SA;ITUB4.SA;VALE3.SA,-0.007715201930731214,0.00029030693848693085,607,2025-06-09
2025-06-11,-0.0007911461032958979,-0.0003427806627856469,-0.00047696186332997736,-0.000745484346120325,-0.00034938845325643934,5,ABEV3.SA;BBAS3.SA;BBDC4.SA;ITUB4.SA;VALE3.SA,-0.007181231716972977,0.00030826474346035636,608,2025-06-10
2025-06-12,-0.0005616610950887347,-2.2667782313738324e-05,-0.00032875781493261244,-0.0006400043396965418,-0.0002970976320580191,5,ABEV3.SA;BBAS3.SA;BBDC4.SA;ITUB4.SA;VALE3.SA,-0.003790309701309666,0.00032185041054427646,609,2025-06-11
2025-06-13,-0.0006682017594907075,-0.00023119117972039897,-0.0003507570506680063,-0.0005188950452886784,-0.00030694879564747074,5,ABEV3.SA;BBAS3.SA;BBDC4.SA;ITUB4.SA;VALE3.SA,-0.004210555312877231,0.00024542411106380176,610,2025-06-12
2025-06-16,0.0015290792226543258,3.714446084819824e-05,1.0949149178219565e-05,-0.00011577687793171787,-8.265848946196043e-05,5,ABEV3.SA;BBAS3.SA;BBDC4.SA;ITUB4.SA;VALE3.SA,0.002154452571100622,0.0002296601706763272,611,2025-06-13
2025-06-17,-0.0009894559365931205,-0.00011119481349174775,-0.0003029093742054082,-0.00039847802532229696,-0.00034391073834974534,5,ABEV3.SA;BBAS3.SA;BBDC4.SA;ITUB4.SA;VALE3.SA,-0.0016151654797556623,0.00033333131391581215,612,2025-06-16
2025-06-18,-0.00016415970259691312,1.1747535547548275e-05,-3.7710831297487664e-05,0.0001467227065398616,-0.00025293543812611067,5,ABEV3.SA;BBAS3.SA;BBDC4.SA;ITUB4.SA;VALE3.SA,0.002728377983033029,0.00041904374526313464,613,2025-06-17
2025-06-20,-0.0006084216406324329,-0.00011489282706722694,-0.0001914834659336368,-0.00011080527648877288,-0.00035443119638206506,5,ABEV3.SA;BBAS3.SA;BBDC4.SA;ITUB4.SA;VALE3.SA,0.0016958965574639371,0.0006370549297383274,614,2025-06-18
2025-06-23,-0.0002039709934721363,-5.8287876477389486e-05,-0.00017975826637152992,-0.0002054632826133441,-0.00029119273156542945,5,ABEV3.SA;BBAS3.SA;BBDC4.SA;ITUB4.SA;VALE3.SA,0.0010333499943570965,0.0005388363745288209,615,2025-06-20
2025-06-24,-0.0001844714807559972,-8.132128610661738e-05,-0.0001485398252509125,-0.0001334894970264625,-0.00018713102561746932,5,ABEV3.SA;BBAS3.SA;BBDC4.SA;ITUB4.SA;VALE3.SA,0.0010615779952018504,0.0006267102360617041,616,2025-06-23
2025-06-25,-0.0005360365872509547,0.0001538661933645784,-4.400557568299291e-05,-3.816900069914442e-05,-4.497232095759265e-05,5,ABEV3.SA;BBAS3.SA;BBDC4.SA;ITUB4.SA;VALE3.SA,0.004881260832180055,0.0003133574535173954,617,2025-06-24
2025-06-26,0.00100305029171867,7.210786453976399e-05,7.303468775216563e-05,8.845913573800676e-05,-6.553041737330206e-06,5,ABEV3.SA;BBAS3.SA;BBDC4.SA;ITUB4.SA;VALE3.SA,0.007804167450265428,0.00048035788870514116,618,2025-06-25
2025-06-27,0.0016641328253067709,0.00026193265027388133,0.00020419626567454383,0.00025237210738263046,-2.394640110296832e-05,5,ABEV3.SA;BBAS3.SA;BBDC4.SA;ITUB4.SA;VALE3.SA,0.011987443736790554,0.0003957124054297139,619,2025-06-26
2025-06-30,-0.0002600507433125702,0.0001444032228038586,0.00023048831647366836,0.00021045533951127442,-0.00022663675196159383,5,ABEV3.SA;BBAS3.SA;BBDC4.SA;ITUB4.SA;VALE3.SA,0.005363900462448709,0.0002601620599594104,620,2025-06-27
2025-07-01,-0.0007459171059356265,-0.0001402937480225715,-0.00019401945856102818,-0.00013712734636364321,-0.00023484534661430726,5,ABEV3.SA;BBAS3.SA;BBDC4.SA;ITUB4.SA;VALE3.SA,0.0013892994869247651,0.0003300384684503772,621,2025-06-30
2025-07-02,0.001048165822337431,-0.00010663740026834969,3.385906924857934e-05,9.708325357680595e-05,2.6628497563348392e-05,5,ABEV3.SA;BBAS3.SA;BBDC4.SA;ITUB4.SA;VALE3.SA,-0.0011343731361525499,0.0008026463696935571,622,2025-07-01
2025-07-03,-0.0031068164087299116,-0.0004424635227044343,-0.0006704961809178535,-0.0008337243136245754,-0.0005372356627477028,5,ABEV3.SA;BBAS3.SA;BBDC4.SA;ITUB4.SA;VALE3.SA,-0.003535137461048838,0.0009301293820566846,623,2025-07-02
2025-07-04,0.0034403918269677236,0.0004688945584059283,0.0005685606132820587,0.0006831546633214175,0.00043716250874626273,5,ABEV3.SA;BBAS3.SA;BBDC4.SA;ITUB4.SA;VALE3.SA,0.00667248156412292,0.0005849881427321577,624,2025-07-03
2025-07-07,-0.00106951929471039,-0.0005684905784239688,-0.00041660191415390893,-0.0004476217556203898,-0.0002696830997945068,5,ABEV3.SA;BBAS3.SA;BBDC4.SA;ITUB4.SA;VALE3.SA,-0.00403671235536796,0.00037161391705862703,625,2025-07-04
2025-07-08,0.0036036774623537013,-5.068807479859315e-05,0.0003658908649389549,0.0004914608725509529,0.00033880830082120173,5,ABEV3.SA;BBAS3.SA;BBDC4.SA;ITUB4.SA;VALE3.SA,-0.0023731415485112387,0.000769779865169349,626,2025-07-07
2025-07-09,0.0013785244529561419,0.0003363075632823428,0.00033419064396521096,0.0003626667129263886,0.0001812529141363863,5,ABEV3.SA;BBAS3.SA;BBDC4.SA;ITUB4.SA;VALE3.SA,0.003423215349593281,0.0007107127662864262,627,2025-07-08
2025-07-10,0.005083067649972818,0.000620084208950914,0.0008514453336233547,0.0010775479439581155,0.0006426516550324671,5,ABEV3.SA;BBAS3.SA;BBDC4.SA;ITUB4.SA;VALE3.SA,0.006379809151451707,0.0004838217787114559,628,2025-07-09
2025-07-11,-0.0010279587762134636,-0.0008236643355296568,-0.0005562756959585286,-0.0005127842348448932,-0.00041577764654702906,5,ABEV3.SA;BBAS3.SA;BBDC4.SA;ITUB4.SA;VALE3.SA,-0.008036750277299578,0.00019380652618580717,629,2025-07-10
2025-07-14,-0.0009200357569829679,-0.0013447383926790877,-0.0008156543734796161,-0.0008064261692073896,-0.0004930519761832539,5,ABEV3.SA;BBAS3.SA;BBDC4.SA;ITUB4.SA;VALE3.SA,-0.01047034287439587,0.0002984491342619141,630,2025-07-11
2025-07-15,-0.0006470261516812975,-0.00041101055983063504,2.1066023756360057e-05,0.00016807048107698346,-0.0001292666294483291,5,ABEV3.SA;BBAS3.SA;BBDC4.SA;ITUB4.SA;VALE3.SA,-0.005402033895490849,0.00028274768770347974,631,2025-07-14
2025-07-16,-0.000347299764597178,-0.0010030714079005568,-0.00041860080268268425,-0.00019518097713534924,-9.954491227081642e-06,5,ABEV3.SA;BBAS3.SA;BBDC4.SA;ITUB4.SA;VALE3.SA,-0.0016123192167764207,0.00018917914500735157,632,2025-07-15
2025-07-17,-0.0004482694956691628,-0.002515843370374977,-0.0011422155032948676,-0.0008689206325310758,-0.0006056897261868667,5,ABEV3.SA;BBAS3.SA;BBDC4.SA;ITUB4.SA;VALE3.SA,-0.006570092354351934,0.0002470074441932717,633,2025-07-16
2025-07-18,0.0003591368167543931,0.003496055467244346,0.0016748167118415854,0.0017995129307998563,0.0007121004461891569,5,ABEV3.SA;BBAS3.SA;BBDC4.SA;ITUB4.SA;VALE3.SA,0.0043228539369272595,0.00024086669013288303,634,2025-07-17
2025-07-21,0.0001273604278790225,-0.0025472510349732872,-0.0009732970454530949,-0.000576446305157527,-0.0003102144952413497,5,ABEV3.SA;BBAS3.SA;BBDC4.SA;ITUB4.SA;VALE3.SA,0.00015164686958497303,0.00013743887524069284,635,2025-07-18
2025-07-22,-9.457576435361254e-05,-0.0008695140036748258,-0.0003123583231890054,8.727521581131814e-06,-0.00021528008341393644,5,ABEV3.SA;BBAS3.SA;BBDC4.SA;ITUB4.SA;VALE3.SA,-0.0004646997565682223,0.0002273439795547155,636,2025-07-21
2025-07-23,1.5473363853550112e-05,0.000819168461933205,0.0003241929933897095,0.00032006751753888,7.537270416439041e-05,5,ABEV3.SA;BBAS3.SA;BBDC4.SA;ITUB4.SA;VALE3.SA,0.005695749024463959,0.00046005782930755507,637,2025-07-22
2025-07-24,1.0647980724234489e-05,0.0002701290151324668,0.00010087156140105417,0.00021018284998426304,-2.3141980146031094e-05,5,ABEV3.SA;BBAS3.SA;BBDC4.SA;ITUB4.SA;VALE3.SA,0.0027591651130119146,0.0002886521396840491,638,2025-07-23
2025-07-25,-0.00030329984066994103,-7.402903295500433e-05,-0.00015602456880626364,-0.00015847933760323145,-0.00016969794609974533,5,ABEV3.SA;BBAS3.SA;BBDC4.SA;ITUB4.SA;VALE3.SA,0.00026698687615499885,0.00045861484910832557,639,2025-07-24
2025-07-28,-0.0003633406289641226,-9.643176018857066e-05,0.00011481953670868727,0.0001460146067581779,-0.00016448215309394236,5,ABEV3.SA;BBAS3.SA;BBDC4.SA;ITUB4.SA;VALE3.SA,0.00426621230663543,0.00023806822710237334,640,2025-07-25
2025-07-29,-0.0005053268362999601,-0.0003172089742298563,-0.0003394301149169419,-0.00038995006461974783,-0.00029330651141332495,5,ABEV3.SA;BBAS3.SA;BBDC4.SA;ITUB4.SA;VALE3.SA,-0.0008586020380090119,0.0006201135854598191,641,2025-07-28
2025-07-30,-0.00024424532739072096,0.00014995591382050856,0.00029931604440645165,0.0004104069340594605,-2.616067952214636e-05,5,ABEV3.SA;BBAS3.SA;BBDC4.SA;ITUB4.SA;VALE3.SA,0.005716412312837748,0.0002634074958691193,642,2025-07-29
2025-07-31,0.0013591515733470535,0.002613931165658356,0.003532381422908877,0.004355959167303979,0.00836926355684871,5,ABEV3.SA;BBAS3.SA;BBDC4.SA;ITUB4.SA;VALE3.SA,0.014231454256476733,0.00020922784237508633,643,2025-07-30
2025-08-01,0.0002001242574794083,4.338394751683405e-05,0.00014330473248529797,4.786836512746015e-05,-0.0002847789095364799,5,ABEV3.SA;BBAS3.SA;BBDC4.SA;ITUB4.SA;VALE3.SA,0.008390804924925985,0.0005037630575717869,644,2025-07-31
2025-08-04,8.672190420026269e-05,0.00056291254164887,0.00013914497217283633,0.00018006239167506655,-0.00017103022092131067,5,ABEV3.SA;BBAS3.SA;BBDC4.SA;ITUB4.SA;VALE3.SA,0.009294756441321423,0.00023222625166912666,645,2025-08-01
2025-08-05,0.00039096150439672924,0.0009142409820672271,0.0015147157820414596,0.0013783024312050477,0.00037414186696420494,5,ABEV3.SA;BBAS3.SA;BBDC4.SA;ITUB4.SA;VALE3.SA,0.012174933211850227,0.00033616714168958266,646,2025-08-04
2025-08-06,0.00023039468561518448,0.001228205204812279,0.002214096900397875,0.001802068570865209,0.0005417214628412473,5,ABEV3.SA;BBAS3.SA;BBDC4.SA;ITUB4.SA;VALE3.SA,0.0044055424865293335,0.0005828754517892818,647,2025-08-05
2025-08-07,0.00027478109471215596,0.0003086318855600373,0.000362752192144969,0.00040846607667176726,0.0013369161674759312,5,ABEV3.SA;BBAS3.SA;BBDC4.SA;ITUB4.SA;VALE3.SA,0.0052933231335626305,0.0006367394228538519,648,2025-08-06
2025-08-08,-0.0003746691195829161,-0.0001895062427206438,-8.933534936982318e-05,-0.0002965488091386858,-0.0006324162091164306,5,ABEV3.SA;BBAS3.SA;BBDC4.SA;ITUB4.SA;VALE3.SA,-0.006463258614849687,0.0005644559053802942,649,2025-08-07
2025-08-11,0.00027389016155815026,0.00041813559306879474,0.0005157424933401634,0.0003356135054048371,-3.90712510330624e-05,5,ABEV3.SA;BBAS3.SA;BBDC4.SA;ITUB4.SA;VALE3.SA,0.00150634847267602,0.0005970629602512688,650,2025-08-08
2025-08-12,0.002430939688526958,0.0034921973380883558,0.006048379745286987,0.00475490320710319,0.0021499754142919056,5,ABEV3.SA;BBAS3.SA;BBDC4.SA;ITUB4.SA;VALE3.SA,0.006108732116794942,0.00043354962715465105,651,2025-08-11
2025-08-13,0.0005988310914279177,0.00015885877991681852,0.0004162177258144145,0.0002324184889380173,8.917337772119333e-05,5,ABEV3.SA;BBAS3.SA;BBDC4.SA;ITUB4.SA;VALE3.SA,-0.0027413378928019855,0.0006406395787134287,652,2025-08-12
2025-08-14,-0.0017662204871958587,-0.000407099272429615,-8.877147477330385e-05,-0.00039362736274023045,-0.0002992826356885832,5,ABEV3.SA;BBAS3.SA;BBDC4.SA;ITUB4.SA;VALE3.SA,-0.013462115566631988,0.0007857748302019117,653,2025-08-13
2025-08-15,-0.0009179826705622059,-0.0003611114533671277,-0.0014136264538948372,-0.0013596270577252488,-0.0006304798676680843,5,ABEV3.SA;BBAS3.SA;BBDC4.SA;ITUB4.SA;VALE3.SA,-0.007859845979483008,0.0007371105153123295,654,2025-08-14
2025-08-18,0.0026593578363382263,0.004296372920048447,0.00224618906982004,0.002135862618109808,0.0011531778724783608,5,ABEV3.SA;BBAS3.SA;BBDC4.SA;ITUB4.SA;VALE3.SA,0.007752498662311927,0.0006735971237788326,655,2025-08-15
2025-08-19,0.001163548400862046,0.00018184859432191018,0.0002150510369565557,0.00024767755006438333,0.00010022899039893275,5,ABEV3.SA;BBAS3.SA;BBDC4.SA;ITUB4.SA;VALE3.SA,0.007356691820730571,0.00047436059497064903,656,2025-08-18
2025-08-20,-0.00014563636014268522,-0.0005995573662224109,-0.00026512106580349964,-0.0002814920215555629,-0.00022814827130728402,5,ABEV3.SA;BBAS3.SA;BBDC4.SA;ITUB4.SA;VALE3.SA,-0.0019882890249452567,0.00038397998823542915,657,2025-08-19
2025-08-21,-0.001062353152000737,-0.0012878187399675337,-0.0008047148618555909,-0.0008989521821696884,-0.0005334254903386356,5,ABEV3.SA;BBAS3.SA;BBDC4.SA;ITUB4.SA;VALE3.SA,-0.011234787609843888,0.0006016927549837661,658,2025-08-20
2025-08-22,0.0008025523481339402,-0.003251493228534123,-0.0010654824023482055,-0.0008647006747985185,-0.0006750642497233127,5,ABEV3.SA;BBAS3.SA;BBDC4.SA;ITUB4.SA;VALE3.SA,-0.00038250498135555604,0.00015690395963745572,659,2025-08-21
2025-08-25,0.0034305630859984746,-7.021819848606977e-05,0.0006072994359116916,0.0008958121441615429,0.000334741807542389,5,ABEV3.SA;BBAS3.SA;BBDC4.SA;ITUB4.SA;VALE3.SA,0.005656257965305809,0.0002528810546566304,660,2025-08-22
2025-08-26,0.0035561298638068857,0.0008932871432375879,0.0008345913980203412,0.0010963724484089933,0.0004899111595858786,5,ABEV3.SA;BBAS3.SA;BBDC4.SA;ITUB4.SA;VALE3.SA,0.012902355896941225,0.00022835819281199961,661,2025-08-25
2025-08-27,0.0017056367134981258,0.0016171984196227194,0.001347121226598843,0.0014766708811964487,0.0005077764451419159,5,ABEV3.SA;BBAS3.SA;BBDC4.SA;ITUB4.SA;VALE3.SA,0.009835402656969763,0.0001705186311010399,662,2025-08-26
2025-08-28,-0.0041400765451670915,0.003994976466546724,0.0014961631308969927,0.0012472841984014315,0.0002019642742583245,5,ABEV3.SA;BBAS3.SA;BBDC4.SA;ITUB4.SA;VALE3.SA,0.003505998618213403,0.00012615444649801297,663,2025-08-27
2025-08-29,0.006313948052918222,0.0019821288763016602,0.004453837525432721,0.004877278676550645,0.0018239791333403514,5,ABEV3.SA;BBAS3.SA;BBDC4.SA;ITUB4.SA;VALE3.SA,0.01039177608442394,0.00010190667997773846,664,2025-08-28
2025-09-01,0.003329847236435045,0.0011012307656444481,0.001339824598925254,0.0020329545020211486,0.0005482688245354323,5,ABEV3.SA;BBAS3.SA;BBDC4.SA;ITUB4.SA;VALE3.SA,0.013400003976348556,0.00011315183549056475,665,2025-08-29
2025-09-02,0.001220582751552396,0.0003912301044234785,0.001376582189317627,0.001448340652990256,0.00013357238895813644,5,ABEV3.SA;BBAS3.SA;BBDC4.SA;ITUB4.SA;VALE3.SA,0.0010762708333310034,0.00012827393500035967,666,2025-09-01
2025-09-03,0.0020002269102303125,0.0001510072179783129,0.00039527775468677366,0.0007590345513903022,-0.0004894662896669629,5,ABEV3.SA;BBAS3.SA;BBDC4.SA;ITUB4.SA;VALE3.SA,0.003990599685772021,0.0002006241221190501,667,2025-09-02
2025-09-04,0.0012569577579965156,-0.00024366592818277622,0.0006736128075904536,0.000628803566449605,-0.001978903012630767,5,ABEV3.SA;BBAS3.SA;BBDC4.SA;ITUB4.SA;VALE3.SA,0.00024266990482164422,7.715202037622253e-05,668,2025-09-03
2025-09-05,0.0006521408898663341,0.0017734855220638754,0.0006848391756646569,0.0006217443196503015,-6.198878965008305e-05,5,ABEV3.SA;BBAS3.SA;BBDC4.SA;ITUB4.SA;VALE3.SA,0.01119207285206675,0.00024649713879073556,669,2025-09-04
2025-09-08,-7.208349816266255e-05,-0.00018944951295610897,-0.00020877575704182776,-0.000239309630315232,-0.0002849867932312667,5,ABEV3.SA;BBAS3.SA;BBDC4.SA;ITUB4.SA;VALE3.SA,-0.00016349542858968262,0.00037002390469894296,670,2025-09-05
2025-09-09,0.001690875160300465,0.0004156493437248088,0.0006146858699590742,0.0013019238734673646,5.623990038078922e-05,5,ABEV3.SA;BBAS3.SA;BBDC4.SA;ITUB4.SA;VALE3.SA,0.0073666647939846204,0.0002629698536397732,671,2025-09-08
2025-09-10,0.002104302081620415,0.0010226742693605296,0.0011640973224252152,0.002198742576450722,0.0005603838692079087,5,ABEV3.SA;BBAS3.SA;BBDC4.SA;ITUB4.SA;VALE3.SA,0.01324858236765552,0.0003443809402392751,672,2025-09-09
2025-09-11,0.0024799095825178176,0.0007333219642376172,0.0007600662915256687,0.0012270267825580234,0.0004453260502833106,5,ABEV3.SA;BBAS3.SA;BBDC4.SA;ITUB4.SA;VALE3.SA,0.013442878719710932,0.00052139782089983,673,2025-09-10
2025-09-12,0.00145027785053487,0.0005539232285322845,0.0006734194600654386,0.0010542531046044805,0.0003452000017915064,5,ABEV3.SA;BBAS3.SA;BBDC4.SA;ITUB4.SA;VALE3.SA,0.009095059004483614,0.0004181248544195599,674,2025-09-11
2025-09-15,0.0019181180174094375,0.00046968568109116064,0.0005525430717941451,0.0009039965214069598,0.00030994078471805413,5,ABEV3.SA;BBAS3.SA;BBDC4.SA;ITUB4.SA;VALE3.SA,0.010118644639296445,0.0003949938632642165,675,2025-09-12
2025-09-16,0.001257561921465716,0.000313497978762186,0.0002971084901284461,0.0004011591341917407,0.00014665669712548508,5,ABEV3.SA;BBAS3.SA;BBDC4.SA;ITUB4.SA;VALE3.SA,0.011273844363512179,0.0005325347342392065,676,2025-09-15
2025-09-17,0.0018398747906851387,0.0007451199137105496,0.0007833951249615576,0.0013361187470306865,0.0004240363657737994,5,ABEV3.SA;BBAS3.SA;BBDC4.SA;ITUB4.SA;VALE3.SA,0.012032307788775173,0.00041792511018857146,677,2025-09-16
2025-09-18,0.0019467864103014589,0.0009604640048907428,0.0010059095429751227,0.0017995559577733736,0.00030134997932815553,5,ABEV3.SA;BBAS3.SA;BBDC4.SA;ITUB4.SA;VALE3.SA,0.016591084649118078,0.00022243259820079638,678,2025-09-17
2025-09-19,0.0018105001504389133,0.0014324892474644742,0.0013059084950544316,0.002197671251503447,0.000590141960559909,5,ABEV3.SA;BBAS3.SA;BBDC4.SA;ITUB4.SA;VALE3.SA,0.01858998660760847,0.00018136660165615602,679,2025-09-18
2025-09-22,0.0015408998588879196,0.0005774735879479731,0.0005273425488593685,0.0005644895045111958,0.0005453115704612314,5,ABEV3.SA;BBAS3.SA;BBDC4.SA;ITUB4.SA;VALE3.SA,0.009118456129858149,0.0005396733210339541,680,2025-09-19
2025-09-23,0.0005895281262200365,0.0005960612513912468,0.00044695446996756845,0.0003782026377516333,0.00011756382923025487,5,ABEV3.SA;BBAS3.SA;BBDC4.SA;ITUB4.SA;VALE3.SA,0.011610792437656628,0.0004701882328803014,681,2025-09-22
2025-09-24,0.00035980997284988393,0.0006611620393283674,0.0005672787516070472,0.0004977147888621821,-4.693472160983003e-05,5,ABEV3.SA;BBAS3.SA;BBDC4.SA;ITUB4.SA;VALE3.SA,0.009901572742406457,0.0003116128055944042,682,2025-09-23
2025-09-25,0.0015985177000671055,0.0004946651101515584,0.0006870125401562485,0.0006655047587673194,0.0001987688413635681,5,ABEV3.SA;BBAS3.SA;BBDC4.SA;ITUB4.SA;VALE3.SA,0.009743842883091203,0.0005476218553792084,683,2025-09-24
2025-09-26,-0.00036762035646661017,0.0001686671914368041,0.00017733423004419782,0.00021406976009506032,-8.614355785952463e-05,5,ABEV3.SA;BBAS3.SA;BBDC4.SA;ITUB4.SA;VALE3.SA,0.0034056928823398684,0.00035997477704054876,684,2025-09-25
2025-09-29,0.0004092256313509869,0.0006191114993937641,0.0005717288230099194,0.0004939518466145188,-4.285052115448819e-05,5,ABEV3.SA;BBAS3.SA;BBDC4.SA;ITUB4.SA;VALE3.SA,0.009619149423895603,0.0003045966048266227,685,2025-09-26
2025-09-30,0.0006519278566229413,6.421544715541634e-05,0.0004603941834713427,3.9578959205375115e-05,-0.0023837323728071,5,ABEV3.SA;BBAS3.SA;BBDC4.SA;ITUB4.SA;VALE3.SA,0.005664733730920803,0.0004820660657959227,686,2025-09-29
2025-10-01,0.0008557868103111716,0.0006511101545703691,0.0006852191072304014,0.0008042807016833067,0.00030432691995193364,5,ABEV3.SA;BBAS3.SA;BBDC4.SA;ITUB4.SA;VALE3.SA,0.011509645394602686,0.000747819920011414,687,2025-09-30
2025-10-02,0.000634020169307618,0.001046983647646542,0.0006572625387632564,0.0006742937235871229,0.00031447632660994797,5,ABEV3.SA;BBAS3.SA;BBDC4.SA;ITUB4.SA;VALE3.SA,0.012463839945041483,0.0005602079034715908,688,2025-10-01
2025-10-03,0.0005253675388270838,0.001908946176708898,0.0009076098111396756,0.0008987050268819251,0.0004409269407745432,5,ABEV3.SA;BBAS3.SA;BBDC4.SA;ITUB4.SA;VALE3.SA,0.01310831285681443,0.0006975124516593802,689,2025-10-02
2025-10-06,0.0012721620825450722,0.0006962408709481847,0.0004365605411572387,0.0004565426314125925,0.0002669889381779768,5,ABEV3.SA;BBAS3.SA;BBDC4.SA;ITUB4.SA;VALE3.SA,0.010776376712037851,0.0005473657182502716,690,2025-10-03
2025-10-07,-0.0013991452330804359,0.00036495094565661926,-1.818323832988478e-05,-8.382689017405409e-05,-0.00013443295593526834,5,ABEV3.SA;BBAS3.SA;BBDC4.SA;ITUB4.SA;VALE3.SA,0.00014038256889008504,0.0009508856715858159,691,2025-10-06
2025-10-08,0.00021667562392773732,0.0007561920274806397,0.0002978706775787288,0.0002668616930928691,0.00010952938981915997,5,ABEV3.SA;BBAS3.SA;BBDC4.SA;ITUB4.SA;VALE3.SA,0.01032578134692047,0.0011971580634045442,692,2025-10-07
2025-10-09,-0.0008267631818792904,3.886136406406452e-05,-0.0001228136196392917,-0.00021418683588586337,-0.00019167909380251355,5,ABEV3.SA;BBAS3.SA;BBDC4.SA;ITUB4.SA;VALE3.SA,-0.003990353915818604,0.0009196937047162233,693,2025-10-08
2025-10-10,0.0006795818580595193,-0.0002244570859755395,-0.00011362224661275689,-0.00013337181102563217,-0.00010867875157686208,5,ABEV3.SA;BBAS3.SA;BBDC4.SA;ITUB4.SA;VALE3.SA,-0.0009124078425852007,0.0008952227241120555,694,2025-10-09
2025-10-13,0.0022169093294246807,0.00014222207730214722,0.00025532624263370664,0.000331542832759653,0.000272813024653085,5,ABEV3.SA;BBAS3.SA;BBDC4.SA;ITUB4.SA;VALE3.SA,0.012053958556078524,0.0009633160338671091,695,2025-10-10
2025-10-14,-0.0004724323599422785,0.00013799043162240378,6.898563176318372e-05,0.00013523611021319545,-5.455697864142651e-05,5,ABEV3.SA;BBAS3.SA;BBDC4.SA;ITUB4.SA;VALE3.SA,0.007660490114536622,0.0005084881267385058,696,2025-10-13
2025-10-15,0.0031966747853385633,-2.8890776253982262e-05,0.0003358907499167186,0.0003886061911125153,0.0002964649829674165,5,ABEV3.SA;BBAS3.SA;BBDC4.SA;ITUB4.SA;VALE3.SA,0.0044903866353427305,0.0005007325666206067,697,2025-10-14
2025-10-16,0.00010812474634964529,-0.00013374763235724651,-9.317095615260562e-05,-0.00024211469884806287,-0.00010739364990989346,5,ABEV3.SA;BBAS3.SA;BBDC4.SA;ITUB4.SA;VALE3.SA,-0.0012830874727734053,0.0003719085599177744,698,2025-10-15
2025-10-17,0.0011670056805898495,0.00011972239064551525,0.00015870931679677676,-4.86634738041456e-05,6.253610742019589e-05,5,ABEV3.SA;BBAS3.SA;BBDC4.SA;ITUB4.SA;VALE3.SA,0.0036114002926130235,0.00023509212705187144,699,2025-10-16
2025-10-20,0.0031333240070155017,0.0002302662864037534,0.0005916487814104608,0.00042123912515137197,0.00035952781445590837,5,ABEV3.SA;BBAS3.SA;BBDC4.SA;ITUB4.SA;VALE3.SA,0.005323394412021625,0.0002096912784635599,700,2025-10-17
2025-10-21,0.0016774752678176755,-0.00045336674627878695,0.00032197559580392454,9.60968123621277e-05,0.00011019438640262737,5,ABEV3.SA;BBAS3.SA;BBDC4.SA;ITUB4.SA;VALE3.SA,0.0016630169816840533,0.00016966290013866652,701,2025-10-20
2025-10-22,0.004008955492355744,0.0009310423100046418,0.0010074933597054622,0.000853412635624266,0.0006040141600664213,5,ABEV3.SA;BBAS3.SA;BBDC4.SA;ITUB4.SA;VALE3.SA,0.009318738965781536,0.00017763212139513466,702,2025-10-21
2025-10-23,0.0005508745902054599,-0.00013795661717250682,0.00030819528182133785,-0.00010760459604048244,0.0003432237516897653,5,ABEV3.SA;BBAS3.SA;BBDC4.SA;ITUB4.SA;VALE3.SA,0.0036035082312598416,0.0001833014882533998,703,2025-10-22
2025-10-24,0.002300557399144321,0.0007416665149847978,0.0012443835270380304,0.0014979699932847576,0.0005909698242725076,5,ABEV3.SA;BBAS3.SA;BBDC4.SA;ITUB4.SA;VALE3.SA,0.010679391805344227,0.00021051037671295024,704,2025-10-23
2025-10-27,-0.0005464674938053429,0.0001581621274744416,0.00017167239740329795,-0.00013453351801201446,-7.156050074211791e-05,5,ABEV3.SA;BBAS3.SA;BBDC4.SA;ITUB4.SA;VALE3.SA,-0.0006676810057438965,0.00018650875863289847,705,2025-10-24
2025-10-28,0.0020914163050143515,-7.328112598082468e-05,0.00046393428727051287,0.00024574041017322605,0.0005551428147414635,5,ABEV3.SA;BBAS3.SA;BBDC4.SA;ITUB4.SA;VALE3.SA,0.0011990000460365877,0.00030865930824044334,706,2025-10-27
2025-10-29,0.0024510381823998665,0.0005935147478877942,0.0005042310303895338,0.0001974751030011406,0.0002701591263745978,5,ABEV3.SA;BBAS3.SA;BBDC4.SA;ITUB4.SA;VALE3.SA,0.005904507292536701,0.0002522525262635639,707,2025-10-28
2025-10-30,0.002230396707603992,0.0021917427147324035,0.00039605285730841494,-0.001722121069052643,0.001657307724242543,5,ABEV3.SA;BBAS3.SA;BBDC4.SA;ITUB4.SA;VALE3.SA,0.005225883405583851,0.00011778721064801734,708,2025-10-29
2025-10-31,0.003017369769254873,0.0027632326116824066,0.0011621953692808815,0.0003262782440242442,0.0011772854581277477,5,ABEV3.SA;BBAS3.SA;BBDC4.SA;ITUB4.SA;VALE3.SA,0.0015799180400171407,0.0002145009896027688,709,2025-10-30
2025-11-03,0.0012035023676794678,-0.0008221531020825329,-0.0004075760937119443,-0.0009722370608563293,-0.0002440515850472946,5,ABEV3.SA;BBAS3.SA;BBDC4.SA;ITUB4.SA;VALE3.SA,-0.003149616456929419,0.00019442874515792735,710,2025-10-31
2025-11-04,5.462380350107067e-05,0.004648144346221656,0.002023341809992752,0.0014572111891367435,0.0008160506093133434,5,ABEV3.SA;BBAS3.SA;BBDC4.SA;ITUB4.SA;VALE3.SA,0.002925690838254067,0.00019947542716609252,711,2025-11-03
2025-11-05,0.001691672063152454,0.0032920087348689434,0.0055761336156057665,0.0031394096430024904,0.0006917874594912671,5,ABEV3.SA;BBAS3.SA;BBDC4.SA;ITUB4.SA;VALE3.SA,0.00010275182819609527,0.00015963671589328053,712,2025-11-04
2025-11-06,0.0008347494034416074,-1.5674036175354114e-05,5.8173232183597076e-05,-0.0007693825214961904,-0.00012080461241283797,5,ABEV3.SA;BBAS3.SA;BBDC4.SA;ITUB4.SA;VALE3.SA,0.003469400239325433,0.0009299713635477031,713,2025-11-05
2025-11-07,0.0008364460108553633,-0.000292059985204022,-0.00025231581357951905,-0.0016586182842974878,-0.0010966688178414064,5,ABEV3.SA;BBAS3.SA;BBDC4.SA;ITUB4.SA;VALE3.SA,-0.0059633200625362655,0.0004407049036818986,714,2025-11-06
2025-11-10,0.0008114975013096995,0.000628896667647688,0.0009269944252468269,-0.00018503993133831023,0.0015058598275152916,5,ABEV3.SA;BBAS3.SA;BBDC4.SA;ITUB4.SA;VALE3.SA,0.00827703005216837,0.00017742778254783872,715,2025-11-07
2025-11-11,0.0012558401169823752,0.0014965279408385866,0.002524364220369063,0.00044480576395314363,0.0005712901555333013,5,ABEV3.SA;BBAS3.SA;BBDC4.SA;ITUB4.SA;VALE3.SA,0.002846173403767069,0.00018174309747055994,716,2025-11-10
2025-11-12,0.0011964137698134499,-0.00043717521408096865,-0.0006085359235235206,-0.0016389859625346615,-0.00038764456555095327,5,ABEV3.SA;BBAS3.SA;BBDC4.SA;ITUB4.SA;VALE3.SA,0.00045199195672257985,0.00018253093840064465,717,2025-11-11
2025-11-13,0.0005404848398954116,-0.0002978750542626362,-0.0002739796841076959,-0.0012817388727077508,-0.0002861419077796301,5,ABEV3.SA;BBAS3.SA;BBDC4.SA;ITUB4.SA;VALE3.SA,-0.0018700993002776709,0.00020668409784149446,718,2025-11-12
2025-11-14,-0.002505761668719233,-0.0004953070526805617,-0.0007942102253815041,-0.00326577354086016,-0.0008194203029210563,5,ABEV3.SA;BBAS3.SA;BBDC4.SA;ITUB4.SA;VALE3.SA,-0.008490771464809012,0.00018339486222510937,719,2025-11-13
2025-11-17,0.00016872956849917835,-0.000656465161698602,-0.0013734954535250105,-0.0034820819400968117,-0.0008056274764208723,5,ABEV3.SA;BBAS3.SA;BBDC4.SA;ITUB4.SA;VALE3.SA,0.0015046362770991136,0.00017230543515613797,720,2025-11-14
2025-11-18,0.0005565676844336914,-0.00024596417345116065,-0.00043773038519027323,-0.0011276479058272431,-0.0003327646290542374,5,ABEV3.SA;BBAS3.SA;BBDC4.SA;ITUB4.SA;VALE3.SA,0.001301936299675769,0.00017221532698615953,721,2025-11-17
2025-11-19,-0.00018585146744636084,0.0017827407807086398,0.0006108173126405444,0.0001864103858432747,0.0002556951884500254,5,ABEV3.SA;BBAS3.SA;BBDC4.SA;ITUB4.SA;VALE3.SA,-0.0009491161941304873,0.000606856346611127,722,2025-11-18
2025-11-21,-0.00021405017786996076,0.00017576402012133547,-0.00016119706736292418,-0.0006532684845547107,-0.00025851096042911784,5,ABEV3.SA;BBAS3.SA;BBDC4.SA;ITUB4.SA;VALE3.SA,-0.006455608866054276,0.000424794650912113,723,2025-11-19
2025-11-24,-9.565653584255072e-05,0.0009453063361727116,0.0002095699472673747,-0.00013572234598983624,6.618291295742638e-05,5,ABEV3.SA;BBAS3.SA;BBDC4.SA;ITUB4.SA;VALE3.SA,-0.003315053527945011,0.0007803897517088242,724,2025-11-21
2025-11-25,0.0019198013782842397,0.0004670339738422105,0.00020068921537538575,-0.00013052758839713282,0.00017687812603159577,5,ABEV3.SA;BBAS3.SA;BBDC4.SA;ITUB4.SA;VALE3.SA,0.0038797985863582123,0.0008635717278396869,725,2025-11-24
2025-11-26,0.0016894075013698926,-5.332470885152983e-06,-0.0001401900930019478,-0.0010724587964856193,-4.2686076103025816e-05,5,ABEV3.SA;BBAS3.SA;BBDC4.SA;ITUB4.SA;VALE3.SA,0.00348005623180965,0.0007734364817241492,726,2025-11-25
2025-11-27,0.0020371387536045962,0.0013659049801872172,0.0013824527187507947,0.0004987427111122452,0.0005852015960854971,5,ABEV3.SA;BBAS3.SA;BBDC4.SA;ITUB4.SA;VALE3.SA,0.010947586781652035,0.0007160049070733495,727,2025-11-26
2025-11-28,0.004020195887630909,0.001928164129006162,0.003082918155165792,0.001287029247154052,0.0011967952743431466,5,ABEV3.SA;BBAS3.SA;BBDC4.SA;ITUB4.SA;VALE3.SA,0.013551832153137077,0.00043766983032283676,728,2025-11-27
2025-12-01,1.852826575167344e-05,0.0010447843085150319,0.0011517362152998058,0.0009313502374592756,0.0005597752212663747,5,ABEV3.SA;BBAS3.SA;BBDC4.SA;ITUB4.SA;VALE3.SA,0.0035101567569554293,0.0004964442331702433,729,2025-11-28
2025-12-02,0.0029922735581739625,0.0005606743985659173,0.0006087422680436203,0.0005077957472414959,0.0005431585378558544,5,ABEV3.SA;BBAS3.SA;BBDC4.SA;ITUB4.SA;VALE3.SA,0.01181673992806741,0.00024110125052528736,730,2025-12-01
2025-12-03,0.004615256054814972,0.0012070835641593157,0.0014224127019683932,0.0012423834552249137,0.0009904493061680005,5,ABEV3.SA;BBAS3.SA;BBDC4.SA;ITUB4.SA;VALE3.SA,0.00817803639249923,0.00026197408603007195,731,2025-12-02
2025-12-04,0.0007468670208658813,-0.000719800752588349,-0.0012253450627851441,-0.0013484274573768128,-0.0007880283107418417,5,ABEV3.SA;BBAS3.SA;BBDC4.SA;ITUB4.SA;VALE3.SA,-0.012442386917351047,0.0003576690315282127,732,2025-12-03
2025-12-05,-0.0001406932922898329,0.0035574462398450164,0.0018246305050776995,0.0016108372762581667,0.0006975481135533925,5,ABEV3.SA;BBAS3.SA;BBDC4.SA;ITUB4.SA;VALE3.SA,-0.008063687394787245,0.0005388512148437374,733,2025-12-04
2025-12-08,0.0022458445154277893,0.0019141271857830095,0.0016985605823169575,0.001534365503390056,0.0007538846484304226,5,ABEV3.SA;BBAS3.SA;BBDC4.SA;ITUB4.SA;VALE3.SA,-0.0007608913213811144,0.0006206601768606959,734,2025-12-05
2025-12-09,-0.002357629576148564,0.0011431877007994239,0.0015559588114391243,0.0011646844542865815,0.00100671488624059,5,ABEV3.SA;BBAS3.SA;BBDC4.SA;ITUB4.SA;VALE3.SA,-0.004919571601198032,0.0005781931362037376,735,2025-12-08
2025-12-10,0.0034120758292118442,0.00044989665588032247,0.0005203835300558522,0.0004439588487917331,-0.00020822578399389984,5,ABEV3.SA;BBAS3.SA;BBDC4.SA;ITUB4.SA;VALE3.SA,-0.002618021399644302,0.0005224897408649606,736,2025-12-09
2025-12-11,0.0033537416591885123,0.0006074838863612095,0.0005058973840914695,0.0002540438580273881,0.0003399733020767944,5,ABEV3.SA;BBAS3.SA;BBDC4.SA;ITUB4.SA;VALE3.SA,0.0006002421213755299,0.0003783378469292484,737,2025-12-10
2025-12-12,-0.0003044827768018406,0.00037109754597681007,5.130643356376762e-05,-0.0004105571977842372,-0.0001236398507896063,5,ABEV3.SA;BBAS3.SA;BBDC4.SA;ITUB4.SA;VALE3.SA,-0.00986757029687747,0.0003114225307171941,738,2025-12-11
2025-12-15,0.0012135288202391676,0.0005642687338193299,0.0006240136735000196,0.00026984895034738607,0.0005789508922873448,5,ABEV3.SA;BBAS3.SA;BBDC4.SA;ITUB4.SA;VALE3.SA,4.241257618849206e-05,0.0003082518623873015,739,2025-12-12
2025-12-16,0.0038515598702650125,0.001328311580358499,0.0012712027945735633,0.0012499810579681204,0.0010576626475817686,5,ABEV3.SA;BBAS3.SA;BBDC4.SA;ITUB4.SA;VALE3.SA,0.022414594530349864,0.00018332883972472044,740,2025-12-15
2025-12-17,0.003533147047843021,0.001993700777094135,0.001259948852797801,0.001273566707976819,0.0007323890821552735,5,ABEV3.SA;BBAS3.SA;BBDC4.SA;ITUB4.SA;VALE3.SA,0.012996932060264463,0.0004590339673597044,741,2025-12-16
2025-12-18,0.003961427466708918,0.0012433580589556023,0.0015826466453954203,0.0021316508027611645,0.0012671026955353541,5,ABEV3.SA;BBAS3.SA;BBDC4.SA;ITUB4.SA;VALE3.SA,0.028656069853763684,0.0002271629888602343,742,2025-12-17
2025-12-19,0.003359297748325147,0.0006010292681454043,0.0008861560179410216,0.0011638421466425189,0.0004832130921179651,5,ABEV3.SA;BBAS3.SA;BBDC4.SA;ITUB4.SA;VALE3.SA,0.018363193960431522,0.0007293126688527987,743,2025-12-18
2025-12-22,0.005310861363054934,0.000769677753644815,0.0010541676617562207,0.0012333624140414808,0.001058907693085168,5,ABEV3.SA;BBAS3.SA;BBDC4.SA;ITUB4.SA;VALE3.SA,0.019661550351580133,0.000545333843415482,744,2025-12-19
2025-12-23,0.0014010585590868508,0.0004369351804921244,0.00034672413249963797,0.00036651246368508744,0.0001174714311178156,5,ABEV3.SA;BBAS3.SA;BBDC4.SA;ITUB4.SA;VALE3.SA,0.009595676486261317,0.0005269622783477568,745,2025-12-22
2025-12-26,0.002200149883612175,0.0001843977138194816,0.0003227176623153092,0.00015820470553722834,0.00012321128648038306,5,ABEV3.SA;BBAS3.SA;BBDC4.SA;ITUB4.SA;VALE3.SA,0.007289619389587975,0.0004285672350782117,746,2025-12-23
2025-12-29,-0.003301951773239909,-3.118494526035911e-05,-0.00022076364484126777,-0.0003667515022020664,0.0006872771638101972,5,ABEV3.SA;BBAS3.SA;BBDC4.SA;ITUB4.SA;VALE3.SA,-0.0035304308548933113,0.0006988126247438482,747,2025-12-26
2025-12-30,0.0021925995864970926,0.00021546743975119488,0.0003519395980099585,0.00039899665504024013,0.00012167926322838677,5,ABEV3.SA;BBAS3.SA;BBDC4.SA;ITUB4.SA;VALE3.SA,0.00976045160194595,0.0004939521609907549,748,2025-12-29
