view_date,VALE3.SA,BBAS3.SA,ITUB4.SA,BBDC4.SA,ABEV3.SA,views_count,view_tickers,Q_mean,Omega_mean,prior_obs,prior_end_date,gross_exposure,max_weight_used
2025-01-02,0.35000000000000003,0.0917396032111134,0.2512714228375669,0.1430958683223414,0.16389310562897833,5,ABEV3.SA;BBAS3.SA;BBDC4.SA;ITUB4.SA;VALE3.SA,-0.007579857859950852,0.0005990285306374572,499,2024-12-30,1.0,0.35000000000000003
2025-01-03,0.35,0.11161363700180683,0.32051663617356885,0.18011968009839305,0.037750046726231286,5,ABEV3.SA;BBAS3.SA;BBDC4.SA;ITUB4.SA;VALE3.SA,-0.005017005935501662,0.0007745315423765903,500,2025-01-02,1.0,0.35
2025-01-06,0.35,0.0,0.27185523940386325,0.17580354510026988,0.20234121549586687,5,ABEV3.SA;BBAS3.SA;BBDC4.SA;ITUB4.SA;VALE3.SA,-0.0011912309823318673,0.0004989882010706231,501,2025-01-03,1.0,0.35
2025-01-07,0.35,0.10000000000000002,0.10000000000000002,0.10000000000000002,0.35,5,ABEV3.SA;BBAS3.SA;BBDC4.SA;ITUB4.SA;VALE3.SA,0.010810127131574119,0.0008130343428892552,502,2025-01-06,1.0,0.35
2025-01-08,0.0,0.1293595072006058,0.35,0.28918864215872936,0.23145185064066492,5,ABEV3.SA;BBAS3.SA;BBDC4.SA;ITUB4.SA;VALE3.SA,0.006438532926595457,0.0011688000498297304,503,2025-01-07,1.0,0.35
2025-01-09,0.35,0.0,0.30000000000000004,0.0,0.35,5,ABEV3.SA;BBAS3.SA;BBDC4.SA;ITUB4.SA;VALE3.SA,-0.0002659872744888228,0.0002820399015451977,504,2025-01-08,1.0,0.35
2025-01-10,0.35,0.0,0.35,0.30000000000000004,0.0,5,ABEV3.SA;BBAS3.SA;BBDC4.SA;ITUB4.SA;VALE3.SA,0.005579758105536308,0.0003703912239420327,505,2025-01-09,1.0,0.35
2025-01-13,0.35000000000000003,0.006764318757559812,0.29323568124244026,0.35000000000000003,0.0,5,ABEV3.SA;BBAS3.SA;BBDC4.SA;ITUB4.SA;VALE3.SA,0.000705069928152591,0.00037272682169671315,506,2025-01-10,1.0000000000000002,0.35000000000000003
2025-01-14,0.35,0.0,0.30000000000000004,0.0,0.35,5,ABEV3.SA;BBAS3.SA;BBDC4.SA;ITUB4.SA;VALE3.SA,0.006277754641599009,0.00015596102188107153,507,2025-01-13,1.0,0.35
2025-01-15,0.0,0.0,0.30000000000000004,0.35,0.35,5,ABEV3.SA;BBAS3.SA;BBDC4.SA;ITUB4.SA;VALE3.SA,0.0029976997193412306,0.00013514961606073578,508,2025-01-14,1.0,0.35
2025-01-16,0.35,0.0,0.17915593467435734,0.130426981220757,0.34041708410488575,5,ABEV3.SA;BBAS3.SA;BBDC4.SA;ITUB4.SA;VALE3.SA,-0.0033688547037839358,0.00020637603963013086,509,2025-01-15,1.0,0.35
2025-01-17,0.35,0.0,0.21018998950802104,0.08981001049197898,0.35,5,ABEV3.SA;BBAS3.SA;BBDC4.SA;ITUB4.SA;VALE3.SA,-0.00025572663279799305,0.00017187121651056524,510,2025-01-16,1.0,0.35
2025-01-20,0.3086067497610879,0.0,0.05979764017759459,0.2815956100613176,0.35000000000000003,5,ABEV3.SA;BBAS3.SA;BBDC4.SA;ITUB4.SA;VALE3.SA,-0.001997515734686081,0.00020405237749900501,511,2025-01-17,1.0000000000000002,0.35000000000000003
2025-01-21,0.10000000000000002,0.35,0.10000000000000002,0.10000000000000002,0.35,5,ABEV3.SA;BBAS3.SA;BBDC4.SA;ITUB4.SA;VALE3.SA,-0.0055546895306144714,0.00013403057150634723,512,2025-01-20,1.0,0.35
2025-01-22,0.35,0.0,0.30000000000000004,0.0,0.35,5,ABEV3.SA;BBAS3.SA;BBDC4.SA;ITUB4.SA;VALE3.SA,0.004963863527716073,0.0001321355378427126,513,2025-01-21,1.0,0.35
2025-01-23,0.10000000000000002,0.35,0.10000000000000002,0.35,0.10000000000000002,5,ABEV3.SA;BBAS3.SA;BBDC4.SA;ITUB4.SA;VALE3.SA,0.012665812053473603,0.0001377919838446389,514,2025-01-22,1.0,0.35
2025-01-24,0.0,0.35,0.3032441148143708,0.3467558851856293,0.0,5,ABEV3.SA;BBAS3.SA;BBDC4.SA;ITUB4.SA;VALE3.SA,0.015810481473169342,0.00017068312675817227,515,2025-01-23,1.0,0.35
2025-01-27,0.10000000000000002,0.35,0.10000000000000002,0.35,0.10000000000000002,5,ABEV3.SA;BBAS3.SA;BBDC4.SA;ITUB4.SA;VALE3.SA,0.0029661221895366996,9.667672086748016e-05,516,2025-01-24,1.0,0.35
2025-01-28,0.10000000000000002,0.35,0.10000000000000002,0.35,0.10000000000000002,5,ABEV3.SA;BBAS3.SA;BBDC4.SA;ITUB4.SA;VALE3.SA,0.009058411100206776,0.0007164816746369708,517,2025-01-27,1.0,0.35
2025-01-29,0.35,0.0,0.2795279382786814,0.020472061721318657,0.35,5,ABEV3.SA;BBAS3.SA;BBDC4.SA;ITUB4.SA;VALE3.SA,0.00972859184257686,0.0010505132330275828,518,2025-01-28,1.0,0.35
2025-01-30,0.35000000000000003,0.35000000000000003,0.10000000000000003,0.10000000000000003,0.10000000000000003,5,ABEV3.SA;BBAS3.SA;BBDC4.SA;ITUB4.SA;VALE3.SA,0.008383206567040457,0.0008187543035931948,519,2025-01-29,1.0000000000000002,0.35000000000000003
2025-01-31,0.35,0.0,0.0,0.30000000000000004,0.35,5,ABEV3.SA;BBAS3.SA;BBDC4.SA;ITUB4.SA;VALE3.SA,-0.0015847461803227345,0.0006529256247672912,520,2025-01-30,1.0,0.35
2025-02-03,0.10000000000000002,0.35,0.35,0.10000000000000002,0.10000000000000002,5,ABEV3.SA;BBAS3.SA;BBDC4.SA;ITUB4.SA;VALE3.SA,0.01121107175390581,0.000915595998887708,521,2025-01-31,1.0,0.35
2025-02-04,0.35,0.0,0.0,0.30000000000000004,0.35,5,ABEV3.SA;BBAS3.SA;BBDC4.SA;ITUB4.SA;VALE3.SA,0.00469374521635472,0.0006193961882274562,522,2025-02-03,1.0,0.35
2025-02-05,0.35,0.10000000000000002,0.35,0.10000000000000002,0.10000000000000002,5,ABEV3.SA;BBAS3.SA;BBDC4.SA;ITUB4.SA;VALE3.SA,0.010825228141364687,0.0010283608982977767,523,2025-02-04,1.0,0.35
2025-02-06,0.35,0.10000000000000002,0.35,0.10000000000000002,0.10000000000000002,5,ABEV3.SA;BBAS3.SA;BBDC4.SA;ITUB4.SA;VALE3.SA,0.005219908476698407,0.000847254964747454,524,2025-02-05,1.0,0.35
2025-02-07,0.30000000000000004,0.0,0.35,0.35,0.0,5,ABEV3.SA;BBAS3.SA;BBDC4.SA;ITUB4.SA;VALE3.SA,0.009549787036128372,0.0005515450871778359,525,2025-02-06,1.0,0.35
2025-02-10,0.35,0.0,0.30000000000000004,0.0,0.35,5,ABEV3.SA;BBAS3.SA;BBDC4.SA;ITUB4.SA;VALE3.SA,0.0016911612620955912,0.00032281364086405597,526,2025-02-07,1.0,0.35
2025-02-11,0.35,0.0,0.35,0.0,0.30000000000000004,5,ABEV3.SA;BBAS3.SA;BBDC4.SA;ITUB4.SA;VALE3.SA,0.0008605186054982033,0.00043333373608027144,527,2025-02-10,1.0,0.35
2025-02-12,0.35,0.10000000000000002,0.10000000000000002,0.35,0.10000000000000002,5,ABEV3.SA;BBAS3.SA;BBDC4.SA;ITUB4.SA;VALE3.SA,0.008962760295201263,0.0012311529967826604,528,2025-02-11,1.0,0.35
2025-02-13,0.35,0.10000000000000002,0.10000000000000002,0.35,0.10000000000000002,5,ABEV3.SA;BBAS3.SA;BBDC4.SA;ITUB4.SA;VALE3.SA,0.008910177180706016,0.0012745368584174332,529,2025-02-12,1.0,0.35
2025-02-14,0.30000000000000004,0.35,0.0,0.35,0.0,5,ABEV3.SA;BBAS3.SA;BBDC4.SA;ITUB4.SA;VALE3.SA,0.008526056556775352,0.0003109489907713281,530,2025-02-13,1.0,0.35
2025-02-17,0.1625,0.1625,0.1625,0.35,0.1625,5,ABEV3.SA;BBAS3.SA;BBDC4.SA;ITUB4.SA;VALE3.SA,0.007787282982868235,0.0006592275938013009,531,2025-02-14,1.0,0.35
2025-02-18,0.35,0.10000000000000002,0.10000000000000002,0.35,0.10000000000000002,5,ABEV3.SA;BBAS3.SA;BBDC4.SA;ITUB4.SA;VALE3.SA,0.0074937632556709875,0.0011715883604085846,532,2025-02-17,1.0,0.35
2025-02-19,0.10000000000000002,0.35,0.10000000000000002,0.35,0.10000000000000002,5,ABEV3.SA;BBAS3.SA;BBDC4.SA;ITUB4.SA;VALE3.SA,0.008558351136837438,0.00028084865318682385,533,2025-02-18,1.0,0.35
2025-02-20,0.35,0.30000000000000004,0.0,0.35,0.0,5,ABEV3.SA;BBAS3.SA;BBDC4.SA;ITUB4.SA;VALE3.SA,0.011282487537665925,0.0003459829537978946,534,2025-02-19,1.0,0.35
2025-02-21,0.35,0.10000000000000002,0.10000000000000002,0.35,0.10000000000000002,5,ABEV3.SA;BBAS3.SA;BBDC4.SA;ITUB4.SA;VALE3.SA,0.009442427295806004,0.0004911990543393027,535,2025-02-20,1.0,0.35
2025-02-24,0.35,0.05261298523491482,0.29770964216369533,0.0,0.2996773726013899,5,ABEV3.SA;BBAS3.SA;BBDC4.SA;ITUB4.SA;VALE3.SA,0.0017831494643872966,0.0005478253683895173,536,2025-02-21,1.0,0.35
2025-02-25,0.35,0.30000000000000004,0.0,0.35,0.0,5,ABEV3.SA;BBAS3.SA;BBDC4.SA;ITUB4.SA;VALE3.SA,0.009199747891648517,0.0003016686202817341,537,2025-02-24,1.0,0.35
2025-02-26,0.2016111002142785,0.35,0.0,0.09838889978572156,0.35,5,ABEV3.SA;BBAS3.SA;BBDC4.SA;ITUB4.SA;VALE3.SA,0.03175248884740545,0.00014045481467357158,538,2025-02-25,1.0,0.35
2025-02-27,0.0,0.35,0.0,0.30000000000000004,0.35,5,ABEV3.SA;BBAS3.SA;BBDC4.SA;ITUB4.SA;VALE3.SA,0.023020570417733026,0.00021552559349233757,539,2025-02-26,1.0,0.35
2025-02-28,0.0,0.35,0.0,0.30000000000000004,0.35,5,ABEV3.SA;BBAS3.SA;BBDC4.SA;ITUB4.SA;VALE3.SA,0.017310085638386388,0.0003538483041427226,540,2025-02-27,1.0,0.35
2025-03-05,0.10000000000000002,0.35,0.10000000000000002,0.35,0.10000000000000002,5,ABEV3.SA;BBAS3.SA;BBDC4.SA;ITUB4.SA;VALE3.SA,0.010995828560587862,0.0003239625559098129,541,2025-02-28,1.0,0.35
2025-03-06,0.35,0.35,0.0,0.30000000000000004,0.0,5,ABEV3.SA;BBAS3.SA;BBDC4.SA;ITUB4.SA;VALE3.SA,0.013652208401937541,0.00019718651722342985,542,2025-03-05,1.0,0.35
2025-03-07,0.35,0.30000000000000004,0.0,0.35,0.0,5,ABEV3.SA;BBAS3.SA;BBDC4.SA;ITUB4.SA;VALE3.SA,0.01172269055630782,0.0004005154136019146,543,2025-03-06,1.0,0.35
2025-03-10,0.10000000000000002,0.35,0.10000000000000002,0.35,0.10000000000000002,5,ABEV3.SA;BBAS3.SA;BBDC4.SA;ITUB4.SA;VALE3.SA,0.00259348398839529,0.00018907443097063658,544,2025-03-07,1.0,0.35
2025-03-11,0.3382691653120469,0.35,0.0,0.3117308346879531,0.0,5,ABEV3.SA;BBAS3.SA;BBDC4.SA;ITUB4.SA;VALE3.SA,0.014038470067558989,0.0002621821896143531,545,2025-03-10,1.0,0.35
2025-03-12,0.35,0.0,0.30000000000000004,0.0,0.35,5,ABEV3.SA;BBAS3.SA;BBDC4.SA;ITUB4.SA;VALE3.SA,-0.0019189242110442127,0.00028489984089443527,546,2025-03-11,1.0,0.35
2025-03-13,0.35,0.0,0.30000000000000004,0.0,0.35,5,ABEV3.SA;BBAS3.SA;BBDC4.SA;ITUB4.SA;VALE3.SA,0.00928277056664228,0.0003164772608808584,547,2025-03-12,1.0,0.35
2025-03-14,0.35,0.30000000000000004,0.0,0.35,0.0,5,ABEV3.SA;BBAS3.SA;BBDC4.SA;ITUB4.SA;VALE3.SA,0.013899385251715624,0.00019594253412457048,548,2025-03-13,1.0,0.35
2025-03-17,0.35,0.1425782825155917,0.15742171748440834,0.35,0.0,5,ABEV3.SA;BBAS3.SA;BBDC4.SA;ITUB4.SA;VALE3.SA,0.012880720603447735,0.00030272389860331526,549,2025-03-14,1.0,0.35
2025-03-18,0.10000000000000002,0.10000000000000002,0.35,0.35,0.10000000000000002,5,ABEV3.SA;BBAS3.SA;BBDC4.SA;ITUB4.SA;VALE3.SA,0.011248601966551638,0.0008890944819175026,550,2025-03-17,1.0,0.35
2025-03-19,0.0,0.30000000000000004,0.35,0.35,0.0,5,ABEV3.SA;BBAS3.SA;BBDC4.SA;ITUB4.SA;VALE3.SA,0.00702275211462189,0.00043390911068465763,551,2025-03-18,1.0,0.35
2025-03-20,0.10000000000000002,0.35,0.10000000000000002,0.35,0.10000000000000002,5,ABEV3.SA;BBAS3.SA;BBDC4.SA;ITUB4.SA;VALE3.SA,0.011760081982209413,0.00022625095076827715,552,2025-03-19,1.0,0.35
2025-03-21,0.35,0.0,0.30000000000000004,0.0,0.35,5,ABEV3.SA;BBAS3.SA;BBDC4.SA;ITUB4.SA;VALE3.SA,0.00596585423627553,0.00028931249133351355,553,2025-03-20,1.0,0.35
2025-03-24,0.35,0.30000000000000004,0.0,0.35,0.0,5,ABEV3.SA;BBAS3.SA;BBDC4.SA;ITUB4.SA;VALE3.SA,0.007574357725731234,0.0006486262265314937,554,2025-03-21,1.0,0.35
2025-03-25,0.35,0.0,0.19318284856793527,0.14783636484534313,0.3089807865867216,5,ABEV3.SA;BBAS3.SA;BBDC4.SA;ITUB4.SA;VALE3.SA,-0.0029944428377215175,0.0005287314357292611,555,2025-03-24,1.0,0.35
2025-03-26,0.35,0.0,0.22641110225021835,0.21052597346076704,0.21306292428901458,5,ABEV3.SA;BBAS3.SA;BBDC4.SA;ITUB4.SA;VALE3.SA,-0.003727612116263062,0.000810018388044886,556,2025-03-25,1.0,0.35
2025-03-27,0.35000000000000003,0.35000000000000003,0.10000000000000003,0.10000000000000003,0.10000000000000003,5,ABEV3.SA;BBAS3.SA;BBDC4.SA;ITUB4.SA;VALE3.SA,0.0033925699028583894,0.0010281268482587485,557,2025-03-26,1.0000000000000002,0.35000000000000003
2025-03-28,0.35,0.0,0.35,0.12900451503502744,0.1709954849649726,5,ABEV3.SA;BBAS3.SA;BBDC4.SA;ITUB4.SA;VALE3.SA,-0.005214231460277406,0.0009468725917613387,558,2025-03-27,1.0,0.35
2025-03-31,0.35,0.35,0.30000000000000004,0.0,0.0,5,ABEV3.SA;BBAS3.SA;BBDC4.SA;ITUB4.SA;VALE3.SA,0.006996112502111083,0.00033072885623885675,559,2025-03-28,1.0,0.35
2025-04-01,0.35,0.2952177316892752,0.35,0.004782268310724872,0.0,5,ABEV3.SA;BBAS3.SA;BBDC4.SA;ITUB4.SA;VALE3.SA,0.009554277663875765,0.00030271660540381504,560,2025-03-31,1.0,0.35
2025-04-02,0.10000000000000002,0.35,0.10000000000000002,0.35,0.10000000000000002,5,ABEV3.SA;BBAS3.SA;BBDC4.SA;ITUB4.SA;VALE3.SA,0.0020210920833051197,0.0003402345610801445,561,2025-04-01,1.0,0.35
2025-04-03,0.35,0.0,0.30000000000000004,0.0,0.35,5,ABEV3.SA;BBAS3.SA;BBDC4.SA;ITUB4.SA;VALE3.SA,-0.0032815140859397294,0.0002376424011088249,562,2025-04-02,1.0,0.35
2025-04-04,0.35,0.0,0.24426692917589385,0.1037296665160391,0.30200340430806705,5,ABEV3.SA;BBAS3.SA;BBDC4.SA;ITUB4.SA;VALE3.SA,0.0018361770897199023,0.0007072879214190726,563,2025-04-03,1.0,0.35
2025-04-07,0.35,0.0,0.0,0.30000000000000004,0.35,5,ABEV3.SA;BBAS3.SA;BBDC4.SA;ITUB4.SA;VALE3.SA,0.00816740026740792,0.0006847625151803483,564,2025-04-04,1.0,0.35
2025-04-08,0.35,0.0,0.3393666420710729,0.0229710035806188,0.2876623543483083,5,ABEV3.SA;BBAS3.SA;BBDC4.SA;ITUB4.SA;VALE3.SA,0.005847567024310852,0.0007749426455462206,565,2025-04-07,1.0,0.35
2025-04-09,0.35,0.0,0.2853345804948139,0.0625442560763141,0.302121163428872,5,ABEV3.SA;BBAS3.SA;BBDC4.SA;ITUB4.SA;VALE3.SA,0.005151100333552211,0.0007375578880892525,566,2025-04-08,1.0,0.35
2025-04-10,0.0,0.30000000000000004,0.35,0.0,0.35,5,ABEV3.SA;BBAS3.SA;BBDC4.SA;ITUB4.SA;VALE3.SA,0.008518806281464513,0.0008971771569959306,567,2025-04-09,1.0,0.35
2025-04-11,0.35000000000000003,0.35000000000000003,0.10000000000000003,0.10000000000000003,0.10000000000000003,5,ABEV3.SA;BBAS3.SA;BBDC4.SA;ITUB4.SA;VALE3.SA,0.013160335212543112,0.0005911498454172835,568,2025-04-10,1.0000000000000002,0.35000000000000003
2025-04-14,0.35,0.10000000000000002,0.10000000000000002,0.35,0.10000000000000002,5,ABEV3.SA;BBAS3.SA;BBDC4.SA;ITUB4.SA;VALE3.SA,0.0068406310157794374,0.0012340723698108457,569,2025-04-11,1.0,0.35
2025-04-15,0.35,0.15252611276816372,0.35,0.14747388723183633,0.0,5,ABEV3.SA;BBAS3.SA;BBDC4.SA;ITUB4.SA;VALE3.SA,-0.0012069100944881936,0.0005238254816528661,570,2025-04-14,1.0,0.35
2025-04-16,0.35000000000000003,0.03958824890397775,0.2604117510960223,0.0,0.35000000000000003,5,ABEV3.SA;BBAS3.SA;BBDC4.SA;ITUB4.SA;VALE3.SA,-0.0019963658167900474,0.0010319079529393898,571,2025-04-15,1.0000000000000002,0.35000000000000003
2025-04-17,0.35,0.0,0.20238947538685576,0.0976105246131443,0.35,5,ABEV3.SA;BBAS3.SA;BBDC4.SA;ITUB4.SA;VALE3.SA,0.0013907167199314896,0.00042656768037082216,572,2025-04-16,1.0,0.35
2025-04-22,0.35,0.10854668411751245,0.19145331588248762,0.0,0.35,5,ABEV3.SA;BBAS3.SA;BBDC4.SA;ITUB4.SA;VALE3.SA,-0.0005163240445771188,0.0005883296136449008,573,2025-04-17,1.0,0.35
2025-04-23,0.35000000000000003,0.16250000000000003,0.16250000000000003,0.16250000000000003,0.16250000000000003,5,ABEV3.SA;BBAS3.SA;BBDC4.SA;ITUB4.SA;VALE3.SA,0.0017838507782474405,0.000992119773349528,574,2025-04-22,1.0000000000000002,0.35000000000000003
2025-04-24,0.35,0.11139292045501965,0.0,0.21861710883777755,0.3199899707072028,5,ABEV3.SA;BBAS3.SA;BBDC4.SA;ITUB4.SA;VALE3.SA,0.0005884333314342391,0.0004969495065455666,575,2025-04-23,1.0,0.35
2025-04-25,0.35,0.0,0.30000000000000004,0.0,0.35,5,ABEV3.SA;BBAS3.SA;BBDC4.SA;ITUB4.SA;VALE3.SA,0.010669818225724652,0.00032455390707182693,576,2025-04-24,1.0,0.35
2025-04-28,0.0,0.35,0.05873573682928718,0.2412642631707129,0.35,5,ABEV3.SA;BBAS3.SA;BBDC4.SA;ITUB4.SA;VALE3.SA,-0.004461201641559458,0.00021281914887733995,577,2025-04-25,1.0,0.35
2025-04-29,0.35,0.0,0.0,0.30000000000000004,0.35,5,ABEV3.SA;BBAS3.SA;BBDC4.SA;ITUB4.SA;VALE3.SA,0.003864194011452558,0.0002884408444887582,578,2025-04-28,1.0,0.35
2025-04-30,0.1625,0.1625,0.35,0.1625,0.1625,5,ABEV3.SA;BBAS3.SA;BBDC4.SA;ITUB4.SA;VALE3.SA,0.000155916299791194,0.00031428086640125305,579,2025-04-29,1.0,0.35
2025-05-02,0.35,0.0,0.0,0.30000000000000004,0.35,5,ABEV3.SA;BBAS3.SA;BBDC4.SA;ITUB4.SA;VALE3.SA,0.005061673159328853,0.00025126000568487776,580,2025-04-30,1.0,0.35
2025-05-05,0.35,0.0,0.031789609188892946,0.28270425860188814,0.335506132209219,5,ABEV3.SA;BBAS3.SA;BBDC4.SA;ITUB4.SA;VALE3.SA,0.00032405257225035986,0.0005333532940583524,581,2025-05-02,1.0,0.35
2025-05-06,0.35,0.0,0.06462143468703238,0.2353785653129677,0.35,5,ABEV3.SA;BBAS3.SA;BBDC4.SA;ITUB4.SA;VALE3.SA,0.0023697751574218192,0.0005814081970025298,582,2025-05-05,1.0,0.35
2025-05-07,0.10000000000000002,0.35,0.10000000000000002,0.35,0.10000000000000002,5,ABEV3.SA;BBAS3.SA;BBDC4.SA;ITUB4.SA;VALE3.SA,0.019576300246186108,0.000523535862819044,583,2025-05-06,1.0,0.35
2025-05-08,0.0,0.30000000000000004,0.35,0.35,0.0,5,ABEV3.SA;BBAS3.SA;BBDC4.SA;ITUB4.SA;VALE3.SA,0.026718513341376027,0.00021070059188522277,584,2025-05-07,1.0,0.35
2025-05-09,0.10000000000000002,0.10000000000000002,0.35,0.35,0.10000000000000002,5,ABEV3.SA;BBAS3.SA;BBDC4.SA;ITUB4.SA;VALE3.SA,-0.0071958715899283834,0.00030875353318869636,585,2025-05-08,1.0,0.35
2025-05-12,0.0,0.35,0.30000000000000004,0.35,0.0,5,ABEV3.SA;BBAS3.SA;BBDC4.SA;ITUB4.SA;VALE3.SA,0.005923873008461104,0.00016292895118280235,586,2025-05-09,1.0,0.35
2025-05-13,0.0,0.35,0.30000000000000004,0.35,0.0,5,ABEV3.SA;BBAS3.SA;BBDC4.SA;ITUB4.SA;VALE3.SA,0.016774258879516075,0.00023422496862673738,587,2025-05-12,1.0,0.35
2025-05-14,0.10000000000000002,0.35,0.35,0.10000000000000002,0.10000000000000002,5,ABEV3.SA;BBAS3.SA;BBDC4.SA;ITUB4.SA;VALE3.SA,0.01933584784386211,0.0005585635993067708,588,2025-05-13,1.0,0.35
2025-05-15,0.35,0.35,0.02808357252800705,0.0,0.27191642747199296,5,ABEV3.SA;BBAS3.SA;BBDC4.SA;ITUB4.SA;VALE3.SA,-0.011325382995255113,0.000878357817861305,589,2025-05-14,1.0,0.35
2025-05-16,0.35,0.35,0.0,0.0,0.30000000000000004,5,ABEV3.SA;BBAS3.SA;BBDC4.SA;ITUB4.SA;VALE3.SA,-0.0190278663100685,0.0007926024457611201,590,2025-05-15,1.0,0.35
2025-05-19,0.35,0.35,0.0,0.0,0.30000000000000004,5,ABEV3.SA;BBAS3.SA;BBDC4.SA;ITUB4.SA;VALE3.SA,-0.012823003555335413,0.0007362300597708485,591,2025-05-16,1.0,0.35
2025-05-20,0.30000000000000004,0.35,0.0,0.0,0.35,5,ABEV3.SA;BBAS3.SA;BBDC4.SA;ITUB4.SA;VALE3.SA,-0.014743428794746164,0.0009142611628601331,592,2025-05-19,1.0,0.35
2025-05-21,0.10000000000000002,0.35,0.10000000000000002,0.35,0.10000000000000002,5,ABEV3.SA;BBAS3.SA;BBDC4.SA;ITUB4.SA;VALE3.SA,0.029689138901396232,0.0007930258520667517,593,2025-05-20,1.0,0.35
2025-05-22,0.10000000000000002,0.35,0.10000000000000002,0.35,0.10000000000000002,5,ABEV3.SA;BBAS3.SA;BBDC4.SA;ITUB4.SA;VALE3.SA,0.019828656916001573,0.0005167513814129268,594,2025-05-21,1.0,0.35
2025-05-23,0.10000000000000002,0.35,0.10000000000000002,0.35,0.10000000000000002,5,ABEV3.SA;BBAS3.SA;BBDC4.SA;ITUB4.SA;VALE3.SA,0.019090373728640538,0.0007303866378575324,595,2025-05-22,1.0,0.35
2025-05-26,0.35,0.35,0.10202461499215677,0.0,0.19797538500784329,5,ABEV3.SA;BBAS3.SA;BBDC4.SA;ITUB4.SA;VALE3.SA,-0.01209571429572615,0.000733392914048817,596,2025-05-23,1.0,0.35
2025-05-27,0.10000000000000002,0.35,0.10000000000000002,0.35,0.10000000000000002,5,ABEV3.SA;BBAS3.SA;BBDC4.SA;ITUB4.SA;VALE3.SA,0.002608616408150132,0.00028663956732550086,597,2025-05-26,1.0,0.35
2025-05-28,0.35,0.35,0.0,0.0,0.30000000000000004,5,ABEV3.SA;BBAS3.SA;BBDC4.SA;ITUB4.SA;VALE3.SA,-0.009936841959099425,0.00030627638257975473,598,2025-05-27,1.0,0.35
2025-05-29,0.35,0.0,0.35,0.30000000000000004,0.0,5,ABEV3.SA;BBAS3.SA;BBDC4.SA;ITUB4.SA;VALE3.SA,-0.00355461797672112,0.00017147607095860704,599,2025-05-28,1.0,0.35
2025-05-30,0.2396180278235193,0.35000000000000003,0.18010347956785105,0.2302784926086297,0.0,5,ABEV3.SA;BBAS3.SA;BBDC4.SA;ITUB4.SA;VALE3.SA,0.01960346165562041,0.00014797145534615027,600,2025-05-29,1.0,0.35000000000000003
2025-06-02,0.10000000000000002,0.35,0.10000000000000002,0.10000000000000002,0.35,5,ABEV3.SA;BBAS3.SA;BBDC4.SA;ITUB4.SA;VALE3.SA,0.0007422137018617634,8.592717821801742e-05,601,2025-05-30,1.0,0.35
2025-06-03,0.10000000000000002,0.35,0.10000000000000002,0.35,0.10000000000000002,5,ABEV3.SA;BBAS3.SA;BBDC4.SA;ITUB4.SA;VALE3.SA,0.002365301054399788,0.0001591134081963293,602,2025-06-02,1.0,0.35
2025-06-04,0.16250000000000003,0.35000000000000003,0.16250000000000003,0.16250000000000003,0.16250000000000003,5,ABEV3.SA;BBAS3.SA;BBDC4.SA;ITUB4.SA;VALE3.SA,0.00022704051807521993,0.00025087637780138276,603,2025-06-03,1.0000000000000002,0.35000000000000003
2025-06-05,0.0,0.35,0.30000000000000004,0.0,0.35,5,ABEV3.SA;BBAS3.SA;BBDC4.SA;ITUB4.SA;VALE3.SA,-0.003037459258007534,0.0002338128638536171,604,2025-06-04,1.0,0.35
2025-06-06,0.16250000000000003,0.35000000000000003,0.16250000000000003,0.16250000000000003,0.16250000000000003,5,ABEV3.SA;BBAS3.SA;BBDC4.SA;ITUB4.SA;VALE3.SA,0.00024597155861555994,0.00037328597043033315,605,2025-06-05,1.0000000000000002,0.35000000000000003
2025-06-09,0.10000000000000002,0.35,0.35,0.10000000000000002,0.10000000000000002,5,ABEV3.SA;BBAS3.SA;BBDC4.SA;ITUB4.SA;VALE3.SA,5.243038758635e-05,0.00035576678913438363,606,2025-06-06,1.0,0.35
2025-06-10,0.35,0.35,0.08405535102715778,0.06916488817052235,0.1467797608023199,5,ABEV3.SA;BBAS3.SA;BBDC4.SA;ITUB4.SA;VALE3.SA,-0.007715201930731214,0.00029030693848693085,607,2025-06-09,1.0,0.35
2025-06-11,0.35000000000000003,0.06992359350379394,0.12402039357380693,0.3038442256012118,0.1522117873211874,5,ABEV3.SA;BBAS3.SA;BBDC4.SA;ITUB4.SA;VALE3.SA,-0.007181231716972977,0.00030826474346035636,608,2025-06-10,1.0000000000000002,0.35000000000000003
2025-06-12,0.35,0.0,0.1170785843131711,0.34788736233285045,0.18503405335397846,5,ABEV3.SA;BBAS3.SA;BBDC4.SA;ITUB4.SA;VALE3.SA,-0.003790309701309666,0.00032185041054427646,609,2025-06-11,1.0,0.35
2025-06-13,0.35,0.018772313804512185,0.13541613889479606,0.23274969846325996,0.26306184883743183,5,ABEV3.SA;BBAS3.SA;BBDC4.SA;ITUB4.SA;VALE3.SA,-0.004210555312877231,0.00024542411106380176,610,2025-06-12,1.0,0.35
2025-06-16,0.35000000000000003,0.35000000000000003,0.10000000000000003,0.10000000000000003,0.10000000000000003,5,ABEV3.SA;BBAS3.SA;BBDC4.SA;ITUB4.SA;VALE3.SA,0.002154452571100622,0.0002296601706763272,611,2025-06-13,1.0000000000000002,0.35000000000000003
2025-06-17,0.35,0.0,0.19393092349195842,0.10606907650804163,0.35,5,ABEV3.SA;BBAS3.SA;BBDC4.SA;ITUB4.SA;VALE3.SA,-0.0016151654797556623,0.00033333131391581215,612,2025-06-16,1.0,0.35
2025-06-18,0.35,0.0,0.30000000000000004,0.0,0.35,5,ABEV3.SA;BBAS3.SA;BBDC4.SA;ITUB4.SA;VALE3.SA,0.002728377983033029,0.00041904374526313464,613,2025-06-17,1.0,0.35
2025-06-20,0.35,0.0,0.30000000000000004,0.0,0.35,5,ABEV3.SA;BBAS3.SA;BBDC4.SA;ITUB4.SA;VALE3.SA,0.0016958965574639371,0.0006370549297383274,614,2025-06-18,1.0,0.35
2025-06-23,0.3286420124996293,0.0,0.3059796430221565,0.015378344478214226,0.35000000000000003,5,ABEV3.SA;BBAS3.SA;BBDC4.SA;ITUB4.SA;VALE3.SA,0.0010333499943570965,0.0005388363745288209,615,2025-06-20,1.0,0.35000000000000003
2025-06-24,0.3343353313636973,0.0,0.3156646686363027,0.0,0.35,5,ABEV3.SA;BBAS3.SA;BBDC4.SA;ITUB4.SA;VALE3.SA,0.0010615779952018504,0.0006267102360617041,616,2025-06-23,1.0,0.35
2025-06-25,0.35,0.0,0.35,0.0,0.30000000000000004,5,ABEV3.SA;BBAS3.SA;BBDC4.SA;ITUB4.SA;VALE3.SA,0.004881260832180055,0.0003133574535173954,617,2025-06-24,1.0,0.35
2025-06-26,0.35000000000000003,0.35000000000000003,0.10000000000000003,0.10000000000000003,0.10000000000000003,5,ABEV3.SA;BBAS3.SA;BBDC4.SA;ITUB4.SA;VALE3.SA,0.007804167450265428,0.00048035788870514116,618,2025-06-25,1.0000000000000002,0.35000000000000003
2025-06-27,0.35000000000000003,0.35000000000000003,0.10000000000000003,0.10000000000000003,0.10000000000000003,5,ABEV3.SA;BBAS3.SA;BBDC4.SA;ITUB4.SA;VALE3.SA,0.011987443736790554,0.0003957124054297139,619,2025-06-26,1.0000000000000002,0.35000000000000003
2025-06-30,0.35,0.10000000000000002,0.10000000000000002,0.10000000000000002,0.35,5,ABEV3.SA;BBAS3.SA;BBDC4.SA;ITUB4.SA;VALE3.SA,0.005363900462448709,0.0002601620599594104,620,2025-06-27,1.0,0.35
2025-07-01,0.35,0.06093288054248862,0.23906711945751144,0.0,0.35,5,ABEV3.SA;BBAS3.SA;BBDC4.SA;ITUB4.SA;VALE3.SA,0.0013892994869247651,0.0003300384684503772,621,2025-06-30,1.0,0.35
2025-07-02,0.35,0.10000000000000002,0.10000000000000002,0.35,0.10000000000000002,5,ABEV3.SA;BBAS3.SA;BBDC4.SA;ITUB4.SA;VALE3.SA,-0.0011343731361525499,0.0008026463696935571,622,2025-07-01,1.0,0.35
2025-07-03,0.35,0.0,0.2725465088772615,0.1292305487209172,0.24822294240182133,5,ABEV3.SA;BBAS3.SA;BBDC4.SA;ITUB4.SA;VALE3.SA,-0.003535137461048838,0.0009301293820566846,623,2025-07-02,1.0,0.35
2025-07-04,0.35000000000000003,0.35000000000000003,0.10000000000000003,0.10000000000000003,0.10000000000000003,5,ABEV3.SA;BBAS3.SA;BBDC4.SA;ITUB4.SA;VALE3.SA,0.00667248156412292,0.0005849881427321577,624,2025-07-03,1.0000000000000002,0.35000000000000003
2025-07-07,0.35,0.35,0.16353700286210474,0.0,0.1364629971378953,5,ABEV3.SA;BBAS3.SA;BBDC4.SA;ITUB4.SA;VALE3.SA,-0.00403671235536796,0.00037161391705862703,625,2025-07-04,1.0,0.35
2025-07-08,0.35000000000000003,0.16250000000000003,0.16250000000000003,0.16250000000000003,0.16250000000000003,5,ABEV3.SA;BBAS3.SA;BBDC4.SA;ITUB4.SA;VALE3.SA,-0.0023731415485112387,0.000769779865169349,626,2025-07-07,1.0000000000000002,0.35000000000000003
2025-07-09,0.35,0.35,0.30000000000000004,0.0,0.0,5,ABEV3.SA;BBAS3.SA;BBDC4.SA;ITUB4.SA;VALE3.SA,0.003423215349593281,0.0007107127662864262,627,2025-07-08,1.0,0.35
2025-07-10,0.35,0.35,0.0,0.30000000000000004,0.0,5,ABEV3.SA;BBAS3.SA;BBDC4.SA;ITUB4.SA;VALE3.SA,0.006379809151451707,0.0004838217787114559,628,2025-07-09,1.0,0.35
2025-07-11,0.35,0.35,0.10942267755518563,0.0,0.19057732244481446,5,ABEV3.SA;BBAS3.SA;BBDC4.SA;ITUB4.SA;VALE3.SA,-0.008036750277299578,0.00019380652618580717,629,2025-07-10,1.0,0.35
2025-07-14,0.35,0.35,0.14519147637886418,0.0,0.15480852362113587,5,ABEV3.SA;BBAS3.SA;BBDC4.SA;ITUB4.SA;VALE3.SA,-0.01047034287439587,0.0002984491342619141,630,2025-07-11,1.0,0.35
2025-07-15,0.35,0.35,0.0,0.0,0.30000000000000004,5,ABEV3.SA;BBAS3.SA;BBDC4.SA;ITUB4.SA;VALE3.SA,-0.005402033895490849,0.00028274768770347974,631,2025-07-14,1.0,0.35
2025-07-16,0.35,0.35,0.30000000000000004,0.0,0.0,5,ABEV3.SA;BBAS3.SA;BBDC4.SA;ITUB4.SA;VALE3.SA,-0.0016123192167764207,0.00018917914500735157,632,2025-07-15,1.0,0.35
2025-07-17,0.2863871469796835,0.35,0.076004863634304,0.0,0.28760798938601245,5,ABEV3.SA;BBAS3.SA;BBDC4.SA;ITUB4.SA;VALE3.SA,-0.006570092354351934,0.0002470074441932717,633,2025-07-16,1.0,0.35
2025-07-18,0.10000000000000002,0.35,0.10000000000000002,0.35,0.10000000000000002,5,ABEV3.SA;BBAS3.SA;BBDC4.SA;ITUB4.SA;VALE3.SA,0.0043228539369272595,0.00024086669013288303,634,2025-07-17,1.0,0.35
2025-07-21,0.16250000000000003,0.35000000000000003,0.16250000000000003,0.16250000000000003,0.16250000000000003,5,ABEV3.SA;BBAS3.SA;BBDC4.SA;ITUB4.SA;VALE3.SA,0.00015164686958497303,0.00013743887524069284,635,2025-07-18,1.0000000000000002,0.35000000000000003
2025-07-22,0.052079581570870594,0.35000000000000003,0.24792041842912946,0.0,0.35000000000000003,5,ABEV3.SA;BBAS3.SA;BBDC4.SA;ITUB4.SA;VALE3.SA,-0.0004646997565682223,0.0002273439795547155,636,2025-07-21,1.0000000000000002,0.35000000000000003
2025-07-23,0.16250000000000003,0.35000000000000003,0.16250000000000003,0.16250000000000003,0.16250000000000003,5,ABEV3.SA;BBAS3.SA;BBDC4.SA;ITUB4.SA;VALE3.SA,0.005695749024463959,0.00046005782930755507,637,2025-07-22,1.0000000000000002,0.35000000000000003
2025-07-24,0.10000000000000002,0.35,0.10000000000000002,0.35,0.10000000000000002,5,ABEV3.SA;BBAS3.SA;BBDC4.SA;ITUB4.SA;VALE3.SA,0.0027591651130119146,0.0002886521396840491,638,2025-07-23,1.0,0.35
2025-07-25,0.35,0.0,0.30000000000000004,0.0,0.35,5,ABEV3.SA;BBAS3.SA;BBDC4.SA;ITUB4.SA;VALE3.SA,0.00026698687615499885,0.00045861484910832557,639,2025-07-24,1.0,0.35
2025-07-28,0.35,0.3009771449421196,0.0,0.0,0.3490228550578805,5,ABEV3.SA;BBAS3.SA;BBDC4.SA;ITUB4.SA;VALE3.SA,0.00426621230663543,0.00023806822710237334,640,2025-07-25,1.0,0.35
2025-07-29,0.35,0.2002955240474014,0.17771602249736673,0.047954034070023556,0.22403441938520835,5,ABEV3.SA;BBAS3.SA;BBDC4.SA;ITUB4.SA;VALE3.SA,-0.0008586020380090119,0.0006201135854598191,641,2025-07-28,1.0,0.35
2025-07-30,0.10000000000000002,0.10000000000000002,0.35,0.35,0.10000000000000002,5,ABEV3.SA;BBAS3.SA;BBDC4.SA;ITUB4.SA;VALE3.SA,0.005716412312837748,0.0002634074958691193,642,2025-07-29,1.0,0.35
2025-07-31,0.0,0.13168809642591517,0.33665494490404796,0.18165695867003692,0.35000000000000003,5,ABEV3.SA;BBAS3.SA;BBDC4.SA;ITUB4.SA;VALE3.SA,0.014231454256476733,0.00020922784237508633,643,2025-07-30,1.0,0.35000000000000003
2025-08-01,0.35,0.10000000000000002,0.35,0.10000000000000002,0.10000000000000002,5,ABEV3.SA;BBAS3.SA;BBDC4.SA;ITUB4.SA;VALE3.SA,0.008390804924925985,0.0005037630575717869,644,2025-07-31,1.0,0.35
2025-08-04,0.35,0.35,0.0,0.30000000000000004,0.0,5,ABEV3.SA;BBAS3.SA;BBDC4.SA;ITUB4.SA;VALE3.SA,0.009294756441321423,0.00023222625166912666,645,2025-08-01,1.0,0.35
2025-08-05,0.16134530539735,0.2421782673836573,0.35,0.2464764272189927,0.0,5,ABEV3.SA;BBAS3.SA;BBDC4.SA;ITUB4.SA;VALE3.SA,0.012174933211850227,0.00033616714168958266,646,2025-08-04,1.0,0.35
2025-08-06,0.1625,0.1625,0.35,0.1625,0.1625,5,ABEV3.SA;BBAS3.SA;BBDC4.SA;ITUB4.SA;VALE3.SA,0.0044055424865293335,0.0005828754517892818,647,2025-08-05,1.0,0.35
2025-08-07,0.35,0.30000000000000004,0.0,0.0,0.35,5,ABEV3.SA;BBAS3.SA;BBDC4.SA;ITUB4.SA;VALE3.SA,0.0052933231335626305,0.0006367394228538519,648,2025-08-06,1.0,0.35
2025-08-08,0.3380085489596862,0.15583016908119843,0.0,0.15616128195911544,0.35,5,ABEV3.SA;BBAS3.SA;BBDC4.SA;ITUB4.SA;VALE3.SA,-0.006463258614849687,0.0005644559053802942,649,2025-08-07,1.0,0.35
2025-08-11,0.30000000000000004,0.35,0.35,0.0,0.0,5,ABEV3.SA;BBAS3.SA;BBDC4.SA;ITUB4.SA;VALE3.SA,0.00150634847267602,0.0005970629602512688,650,2025-08-08,1.0,0.35
2025-08-12,0.35,0.30000000000000004,0.35,0.0,0.0,5,ABEV3.SA;BBAS3.SA;BBDC4.SA;ITUB4.SA;VALE3.SA,0.006108732116794942,0.00043354962715465105,651,2025-08-11,1.0,0.35
2025-08-13,0.35,0.10000000000000002,0.35,0.10000000000000002,0.10000000000000002,5,ABEV3.SA;BBAS3.SA;BBDC4.SA;ITUB4.SA;VALE3.SA,-0.0027413378928019855,0.0006406395787134287,652,2025-08-12,1.0,0.35
2025-08-14,0.35,0.35,0.0,0.18269003565111422,0.11730996434888581,5,ABEV3.SA;BBAS3.SA;BBDC4.SA;ITUB4.SA;VALE3.SA,-0.013462115566631988,0.0007857748302019117,653,2025-08-13,1.0,0.35
2025-08-15,0.35,0.0,0.35,0.14684653704422462,0.15315346295577545,5,ABEV3.SA;BBAS3.SA;BBDC4.SA;ITUB4.SA;VALE3.SA,-0.007859845979483008,0.0007371105153123295,654,2025-08-14,1.0,0.35
2025-08-18,0.35,0.35,0.30000000000000004,0.0,0.0,5,ABEV3.SA;BBAS3.SA;BBDC4.SA;ITUB4.SA;VALE3.SA,0.007752498662311927,0.0006735971237788326,655,2025-08-15,1.0,0.35
2025-08-19,0.35,0.35,0.30000000000000004,0.0,0.0,5,ABEV3.SA;BBAS3.SA;BBDC4.SA;ITUB4.SA;VALE3.SA,0.007356691820730571,0.00047436059497064903,656,2025-08-18,1.0,0.35
2025-08-20,0.30000000000000004,0.35,0.0,0.0,0.35,5,ABEV3.SA;BBAS3.SA;BBDC4.SA;ITUB4.SA;VALE3.SA,-0.0019882890249452567,0.00038397998823542915,657,2025-08-19,1.0,0.35
2025-08-21,0.35,0.35,0.07170980392909654,0.062006802425959746,0.16628339364494377,5,ABEV3.SA;BBAS3.SA;BBDC4.SA;ITUB4.SA;VALE3.SA,-0.011234787609843888,0.0006016927549837661,658,2025-08-20,1.0,0.35
2025-08-22,0.10000000000000002,0.35,0.10000000000000002,0.10000000000000002,0.35,5,ABEV3.SA;BBAS3.SA;BBDC4.SA;ITUB4.SA;VALE3.SA,-0.00038250498135555604,0.00015690395963745572,659,2025-08-21,1.0,0.35
2025-08-25,0.35,0.0,0.35,0.30000000000000004,0.0,5,ABEV3.SA;BBAS3.SA;BBDC4.SA;ITUB4.SA;VALE3.SA,0.005656257965305809,0.0002528810546566304,660,2025-08-22,1.0,0.35
2025-08-26,0.35,0.35,0.0,0.30000000000000004,0.0,5,ABEV3.SA;BBAS3.SA;BBDC4.SA;ITUB4.SA;VALE3.SA,0.012902355896941225,0.00022835819281199961,661,2025-08-25,1.0,0.35
2025-08-27,0.35,0.35,0.23963215481446504,0.060367845185534987,0.0,5,ABEV3.SA;BBAS3.SA;BBDC4.SA;ITUB4.SA;VALE3.SA,0.009835402656969763,0.0001705186311010399,662,2025-08-26,1.0,0.35
2025-08-28,0.10000000000000002,0.35,0.35,0.10000000000000002,0.10000000000000002,5,ABEV3.SA;BBAS3.SA;BBDC4.SA;ITUB4.SA;VALE3.SA,0.003505998618213403,0.00012615444649801297,663,2025-08-27,1.0,0.35
2025-08-29,0.35,0.0,0.35,0.30000000000000004,0.0,5,ABEV3.SA;BBAS3.SA;BBDC4.SA;ITUB4.SA;VALE3.SA,0.01039177608442394,0.00010190667997773846,664,2025-08-28,1.0,0.35
2025-09-01,0.35,0.1610834967004057,0.13891650329959435,0.35,0.0,5,ABEV3.SA;BBAS3.SA;BBDC4.SA;ITUB4.SA;VALE3.SA,0.013400003976348556,0.00011315183549056475,665,2025-08-29,1.0,0.35
2025-09-02,0.35,0.0,0.35,0.30000000000000004,0.0,5,ABEV3.SA;BBAS3.SA;BBDC4.SA;ITUB4.SA;VALE3.SA,0.0010762708333310034,0.00012827393500035967,666,2025-09-01,1.0,0.35
2025-09-03,0.35,0.0,0.30000000000000004,0.35,0.0,5,ABEV3.SA;BBAS3.SA;BBDC4.SA;ITUB4.SA;VALE3.SA,0.003990599685772021,0.0002006241221190501,667,2025-09-02,1.0,0.35
2025-09-04,0.10000000000000002,0.35,0.10000000000000002,0.10000000000000002,0.35,5,ABEV3.SA;BBAS3.SA;BBDC4.SA;ITUB4.SA;VALE3.SA,0.00024266990482164422,7.715202037622253e-05,668,2025-09-03,1.0,0.35
2025-09-05,0.35000000000000003,0.35000000000000003,0.10000000000000003,0.10000000000000003,0.10000000000000003,5,ABEV3.SA;BBAS3.SA;BBDC4.SA;ITUB4.SA;VALE3.SA,0.01119207285206675,0.00024649713879073556,669,2025-09-04,1.0000000000000002,0.35000000000000003
2025-09-08,0.0,0.22724216288428073,0.34286327684095597,0.07989456027476334,0.35,5,ABEV3.SA;BBAS3.SA;BBDC4.SA;ITUB4.SA;VALE3.SA,-0.00016349542858968262,0.00037002390469894296,670,2025-09-05,1.0,0.35
2025-09-09,0.35,0.30000000000000004,0.0,0.35,0.0,5,ABEV3.SA;BBAS3.SA;BBDC4.SA;ITUB4.SA;VALE3.SA,0.0073666647939846204,0.0002629698536397732,671,2025-09-08,1.0,0.35
2025-09-10,0.35,0.30000000000000004,0.0,0.35,0.0,5,ABEV3.SA;BBAS3.SA;BBDC4.SA;ITUB4.SA;VALE3.SA,0.01324858236765552,0.0003443809402392751,672,2025-09-09,1.0,0.35
2025-09-11,0.35,0.30000000000000004,0.0,0.35,0.0,5,ABEV3.SA;BBAS3.SA;BBDC4.SA;ITUB4.SA;VALE3.SA,0.013442878719710932,0.00052139782089983,673,2025-09-10,1.0,0.35
2025-09-12,0.35,0.1601750370130388,0.1398249629869613,0.35,0.0,5,ABEV3.SA;BBAS3.SA;BBDC4.SA;ITUB4.SA;VALE3.SA,0.009095059004483614,0.0004181248544195599,674,2025-09-11,1.0,0.35
2025-09-15,0.35,0.30000000000000004,0.0,0.35,0.0,5,ABEV3.SA;BBAS3.SA;BBDC4.SA;ITUB4.SA;VALE3.SA,0.010118644639296445,0.0003949938632642165,675,2025-09-12,1.0,0.35
2025-09-16,0.35,0.35,0.0,0.30000000000000004,0.0,5,ABEV3.SA;BBAS3.SA;BBDC4.SA;ITUB4.SA;VALE3.SA,0.011273844363512179,0.0005325347342392065,676,2025-09-15,1.0,0.35
2025-09-17,0.35,0.30000000000000004,0.0,0.35,0.0,5,ABEV3.SA;BBAS3.SA;BBDC4.SA;ITUB4.SA;VALE3.SA,0.012032307788775173,0.00041792511018857146,677,2025-09-16,1.0,0.35
2025-09-18,0.35,0.30000000000000004,0.0,0.35,0.0,5,ABEV3.SA;BBAS3.SA;BBDC4.SA;ITUB4.SA;VALE3.SA,0.016591084649118078,0.00022243259820079638,678,2025-09-17,1.0,0.35
2025-09-19,0.35,0.29347181551061513,0.006528184489384964,0.35,0.0,5,ABEV3.SA;BBAS3.SA;BBDC4.SA;ITUB4.SA;VALE3.SA,0.01858998660760847,0.00018136660165615602,679,2025-09-18,1.0,0.35
2025-09-22,0.35,0.2794054323728156,0.08229395592392216,0.0,0.2883006117032622,5,ABEV3.SA;BBAS3.SA;BBDC4.SA;ITUB4.SA;VALE3.SA,0.009118456129858149,0.0005396733210339541,680,2025-09-19,1.0,0.35
2025-09-23,0.35,0.35,0.30000000000000004,0.0,0.0,5,ABEV3.SA;BBAS3.SA;BBDC4.SA;ITUB4.SA;VALE3.SA,0.011610792437656628,0.0004701882328803014,681,2025-09-22,1.0,0.35
2025-09-24,0.30000000000000004,0.35,0.35,0.0,0.0,5,ABEV3.SA;BBAS3.SA;BBDC4.SA;ITUB4.SA;VALE3.SA,0.009901572742406457,0.0003116128055944042,682,2025-09-23,1.0,0.35
2025-09-25,0.35,0.30000000000000004,0.35,0.0,0.0,5,ABEV3.SA;BBAS3.SA;BBDC4.SA;ITUB4.SA;VALE3.SA,0.009743842883091203,0.0005476218553792084,683,2025-09-24,1.0,0.35
2025-09-26,0.35,0.10000000000000002,0.10000000000000002,0.10000000000000002,0.35,5,ABEV3.SA;BBAS3.SA;BBDC4.SA;ITUB4.SA;VALE3.SA,0.0034056928823398684,0.00035997477704054876,684,2025-09-25,1.0,0.35
2025-09-29,0.30000000000000004,0.35,0.35,0.0,0.0,5,ABEV3.SA;BBAS3.SA;BBDC4.SA;ITUB4.SA;VALE3.SA,0.009619149423895603,0.0003045966048266227,685,2025-09-26,1.0,0.35
2025-09-30,0.10000000000000002,0.10000000000000002,0.10000000000000002,0.35,0.35,5,ABEV3.SA;BBAS3.SA;BBDC4.SA;ITUB4.SA;VALE3.SA,0.005664733730920803,0.0004820660657959227,686,2025-09-29,1.0,0.35
2025-10-01,0.35,0.2339328247794915,0.3007245186321259,0.11534265658838255,0.0,5,ABEV3.SA;BBAS3.SA;BBDC4.SA;ITUB4.SA;VALE3.SA,0.011509645394602686,0.000747819920011414,687,2025-09-30,1.0,0.35
2025-10-02,0.35,0.35,0.28138669535760247,0.018613304642397608,0.0,5,ABEV3.SA;BBAS3.SA;BBDC4.SA;ITUB4.SA;VALE3.SA,0.012463839945041483,0.0005602079034715908,688,2025-10-01,1.0,0.35
2025-10-03,0.35,0.35,0.30000000000000004,0.0,0.0,5,ABEV3.SA;BBAS3.SA;BBDC4.SA;ITUB4.SA;VALE3.SA,0.01310831285681443,0.0006975124516593802,689,2025-10-02,1.0,0.35
2025-10-06,0.35000000000000003,0.35000000000000003,0.10000000000000003,0.10000000000000003,0.10000000000000003,5,ABEV3.SA;BBAS3.SA;BBDC4.SA;ITUB4.SA;VALE3.SA,0.010776376712037851,0.0005473657182502716,690,2025-10-03,1.0000000000000002,0.35000000000000003
2025-10-07,0.35,0.0,0.30000000000000004,0.0,0.35,5,ABEV3.SA;BBAS3.SA;BBDC4.SA;ITUB4.SA;VALE3.SA,0.00014038256889008504,0.0009508856715858159,691,2025-10-06,1.0,0.35
2025-10-08,0.35000000000000003,0.35000000000000003,0.10000000000000003,0.10000000000000003,0.10000000000000003,5,ABEV3.SA;BBAS3.SA;BBDC4.SA;ITUB4.SA;VALE3.SA,0.01032578134692047,0.0011971580634045442,692,2025-10-07,1.0000000000000002,0.35000000000000003
2025-10-09,0.35,0.0,0.0,0.30000000000000004,0.35,5,ABEV3.SA;BBAS3.SA;BBDC4.SA;ITUB4.SA;VALE3.SA,-0.003990353915818604,0.0009196937047162233,693,2025-10-08,1.0,0.35
2025-10-10,0.35000000000000003,0.16250000000000003,0.16250000000000003,0.16250000000000003,0.16250000000000003,5,ABEV3.SA;BBAS3.SA;BBDC4.SA;ITUB4.SA;VALE3.SA,-0.0009124078425852007,0.0008952227241120555,694,2025-10-09,1.0000000000000002,0.35000000000000003
2025-10-13,0.35,0.10000000000000002,0.10000000000000002,0.10000000000000002,0.35,5,ABEV3.SA;BBAS3.SA;BBDC4.SA;ITUB4.SA;VALE3.SA,0.012053958556078524,0.0009633160338671091,695,2025-10-10,1.0,0.35
2025-10-14,0.35,0.10000000000000002,0.10000000000000002,0.10000000000000002,0.35,5,ABEV3.SA;BBAS3.SA;BBDC4.SA;ITUB4.SA;VALE3.SA,0.007660490114536622,0.0005084881267385058,696,2025-10-13,1.0,0.35
2025-10-15,0.35,0.10000000000000002,0.35,0.10000000000000002,0.10000000000000002,5,ABEV3.SA;BBAS3.SA;BBDC4.SA;ITUB4.SA;VALE3.SA,0.0044903866353427305,0.0005007325666206067,697,2025-10-14,1.0,0.35
2025-10-16,0.0,0.31793248817699676,0.0,0.35,0.3320675118230032,5,ABEV3.SA;BBAS3.SA;BBDC4.SA;ITUB4.SA;VALE3.SA,-0.0012830874727734053,0.0003719085599177744,698,2025-10-15,1.0,0.35
2025-10-17,0.35,0.30000000000000004,0.35,0.0,0.0,5,ABEV3.SA;BBAS3.SA;BBDC4.SA;ITUB4.SA;VALE3.SA,0.0036114002926130235,0.00023509212705187144,699,2025-10-16,1.0,0.35
2025-10-20,0.35,0.10000000000000002,0.35,0.10000000000000002,0.10000000000000002,5,ABEV3.SA;BBAS3.SA;BBDC4.SA;ITUB4.SA;VALE3.SA,0.005323394412021625,0.0002096912784635599,700,2025-10-17,1.0,0.35
2025-10-21,0.35,0.10000000000000002,0.35,0.10000000000000002,0.10000000000000002,5,ABEV3.SA;BBAS3.SA;BBDC4.SA;ITUB4.SA;VALE3.SA,0.0016630169816840533,0.00016966290013866652,701,2025-10-20,1.0,0.35
2025-10-22,0.35,0.30224200069519175,0.34775799930480833,0.0,0.0,5,ABEV3.SA;BBAS3.SA;BBDC4.SA;ITUB4.SA;VALE3.SA,0.009318738965781536,0.00017763212139513466,702,2025-10-21,1.0,0.35
2025-10-23,0.35,0.0,0.35,0.0,0.30000000000000004,5,ABEV3.SA;BBAS3.SA;BBDC4.SA;ITUB4.SA;VALE3.SA,0.0036035082312598416,0.0001833014882533998,703,2025-10-22,1.0,0.35
2025-10-24,0.35,0.0,0.35,0.30000000000000004,0.0,5,ABEV3.SA;BBAS3.SA;BBDC4.SA;ITUB4.SA;VALE3.SA,0.010679391805344227,0.00021051037671295024,704,2025-10-23,1.0,0.35
2025-10-27,0.35,0.0,0.0,0.35,0.30000000000000004,5,ABEV3.SA;BBAS3.SA;BBDC4.SA;ITUB4.SA;VALE3.SA,-0.0006676810057438965,0.00018650875863289847,705,2025-10-24,1.0,0.35
2025-10-28,0.35,0.0,0.35,0.0,0.30000000000000004,5,ABEV3.SA;BBAS3.SA;BBDC4.SA;ITUB4.SA;VALE3.SA,0.0011990000460365877,0.00030865930824044334,706,2025-10-27,1.0,0.35
2025-10-29,0.35,0.35,0.30000000000000004,0.0,0.0,5,ABEV3.SA;BBAS3.SA;BBDC4.SA;ITUB4.SA;VALE3.SA,0.005904507292536701,0.0002522525262635639,707,2025-10-28,1.0,0.35
2025-10-30,0.3008782190799162,0.35,0.03806312596350985,0.0,0.31105865495657403,5,ABEV3.SA;BBAS3.SA;BBDC4.SA;ITUB4.SA;VALE3.SA,0.005225883405583851,0.00011778721064801734,708,2025-10-29,1.0,0.35
2025-10-31,0.35,0.35,0.026254279847996463,0.0,0.2737457201520036,5,ABEV3.SA;BBAS3.SA;BBDC4.SA;ITUB4.SA;VALE3.SA,0.0015799180400171407,0.0002145009896027688,709,2025-10-30,1.0,0.35
2025-11-03,0.35,0.10000000000000002,0.35,0.10000000000000002,0.10000000000000002,5,ABEV3.SA;BBAS3.SA;BBDC4.SA;ITUB4.SA;VALE3.SA,-0.003149616456929419,0.00019442874515792735,710,2025-10-31,1.0,0.35
2025-11-04,0.10000000000000002,0.35,0.35,0.10000000000000002,0.10000000000000002,5,ABEV3.SA;BBAS3.SA;BBDC4.SA;ITUB4.SA;VALE3.SA,0.002925690838254067,0.00019947542716609252,711,2025-11-03,1.0,0.35
2025-11-05,0.35,0.30000000000000004,0.35,0.0,0.0,5,ABEV3.SA;BBAS3.SA;BBDC4.SA;ITUB4.SA;VALE3.SA,0.00010275182819609527,0.00015963671589328053,712,2025-11-04,1.0,0.35
2025-11-06,0.35,0.30000000000000004,0.35,0.0,0.0,5,ABEV3.SA;BBAS3.SA;BBDC4.SA;ITUB4.SA;VALE3.SA,0.003469400239325433,0.0009299713635477031,713,2025-11-05,1.0,0.35
2025-11-07,0.10000000000000002,0.10000000000000002,0.10000000000000002,0.35,0.35,5,ABEV3.SA;BBAS3.SA;BBDC4.SA;ITUB4.SA;VALE3.SA,-0.0059633200625362655,0.0004407049036818986,714,2025-11-06,1.0,0.35
2025-11-10,0.2813526794260858,0.01864732057391422,0.35,0.0,0.35,5,ABEV3.SA;BBAS3.SA;BBDC4.SA;ITUB4.SA;VALE3.SA,0.00827703005216837,0.00017742778254783872,715,2025-11-07,1.0,0.35
2025-11-11,0.35,0.30000000000000004,0.35,0.0,0.0,5,ABEV3.SA;BBAS3.SA;BBDC4.SA;ITUB4.SA;VALE3.SA,0.002846173403767069,0.00018174309747055994,716,2025-11-10,1.0,0.35
2025-11-12,0.35,0.10000000000000002,0.35,0.10000000000000002,0.10000000000000002,5,ABEV3.SA;BBAS3.SA;BBDC4.SA;ITUB4.SA;VALE3.SA,0.00045199195672257985,0.00018253093840064465,717,2025-11-11,1.0,0.35
2025-11-13,0.0,0.30000000000000004,0.0,0.35,0.35,5,ABEV3.SA;BBAS3.SA;BBDC4.SA;ITUB4.SA;VALE3.SA,-0.0018700993002776709,0.00020668409784149446,718,2025-11-12,1.0,0.35
2025-11-14,0.35,0.0,0.0,0.35,0.30000000000000004,5,ABEV3.SA;BBAS3.SA;BBDC4.SA;ITUB4.SA;VALE3.SA,-0.008490771464809012,0.00018339486222510937,719,2025-11-13,1.0,0.35
2025-11-17,0.10000000000000002,0.10000000000000002,0.10000000000000002,0.35,0.35,5,ABEV3.SA;BBAS3.SA;BBDC4.SA;ITUB4.SA;VALE3.SA,0.0015046362770991136,0.00017230543515613797,720,2025-11-14,1.0,0.35
2025-11-18,0.10000000000000002,0.10000000000000002,0.10000000000000002,0.35,0.35,5,ABEV3.SA;BBAS3.SA;BBDC4.SA;ITUB4.SA;VALE3.SA,0.001301936299675769,0.00017221532698615953,721,2025-11-17,1.0,0.35
2025-11-19,0.10000000000000002,0.35,0.35,0.10000000000000002,0.10000000000000002,5,ABEV3.SA;BBAS3.SA;BBDC4.SA;ITUB4.SA;VALE3.SA,-0.0009491161941304873,0.000606856346611127,722,2025-11-18,1.0,0.35
2025-11-21,0.30000000000000004,0.0,0.0,0.35,0.35,5,ABEV3.SA;BBAS3.SA;BBDC4.SA;ITUB4.SA;VALE3.SA,-0.006455608866054276,0.000424794650912113,723,2025-11-19,1.0,0.35
2025-11-24,0.10000000000000002,0.35,0.35,0.10000000000000002,0.10000000000000002,5,ABEV3.SA;BBAS3.SA;BBDC4.SA;ITUB4.SA;VALE3.SA,-0.003315053527945011,0.0007803897517088242,724,2025-11-21,1.0,0.35
2025-11-25,0.35,0.35,0.30000000000000004,0.0,0.0,5,ABEV3.SA;BBAS3.SA;BBDC4.SA;ITUB4.SA;VALE3.SA,0.0038797985863582123,0.0008635717278396869,725,2025-11-24,1.0,0.35
2025-11-26,0.35,0.30000000000000004,0.35,0.0,0.0,5,ABEV3.SA;BBAS3.SA;BBDC4.SA;ITUB4.SA;VALE3.SA,0.00348005623180965,0.0007734364817241492,726,2025-11-25,1.0,0.35
2025-11-27,0.35,0.30000000000000004,0.35,0.0,0.0,5,ABEV3.SA;BBAS3.SA;BBDC4.SA;ITUB4.SA;VALE3.SA,0.010947586781652035,0.0007160049070733495,727,2025-11-26,1.0,0.35
2025-11-28,0.35,0.30000000000000004,0.35,0.0,0.0,5,ABEV3.SA;BBAS3.SA;BBDC4.SA;ITUB4.SA;VALE3.SA,0.013551832153137077,0.00043766983032283676,728,2025-11-27,1.0,0.35
2025-12-01,0.0,0.35,0.35,0.0,0.30000000000000004,5,ABEV3.SA;BBAS3.SA;BBDC4.SA;ITUB4.SA;VALE3.SA,0.0035101567569554293,0.0004964442331702433,729,2025-11-28,1.0,0.35
2025-12-02,0.35,0.27467349112606265,0.2084581187331156,0.0,0.16686839014082178,5,ABEV3.SA;BBAS3.SA;BBDC4.SA;ITUB4.SA;VALE3.SA,0.01181673992806741,0.00024110125052528736,730,2025-12-01,1.0,0.35
2025-12-03,0.35,0.20950097412198082,0.35,0.0,0.09049902587801924,5,ABEV3.SA;BBAS3.SA;BBDC4.SA;ITUB4.SA;VALE3.SA,0.00817803639249923,0.00026197408603007195,731,2025-12-02,1.0,0.35
2025-12-04,0.0,0.0,0.35,0.30000000000000004,0.35,5,ABEV3.SA;BBAS3.SA;BBDC4.SA;ITUB4.SA;VALE3.SA,-0.012442386917351047,0.0003576690315282127,732,2025-12-03,1.0,0.35
2025-12-05,0.10000000000000002,0.35,0.35,0.10000000000000002,0.10000000000000002,5,ABEV3.SA;BBAS3.SA;BBDC4.SA;ITUB4.SA;VALE3.SA,-0.008063687394787245,0.0005388512148437374,733,2025-12-04,1.0,0.35
2025-12-08,0.35,0.32345463674592456,0.32654536325407546,0.0,0.0,5,ABEV3.SA;BBAS3.SA;BBDC4.SA;ITUB4.SA;VALE3.SA,-0.0007608913213811144,0.0006206601768606959,734,2025-12-05,1.0,0.35
2025-12-09,0.0,0.30000000000000004,0.35,0.0,0.35,5,ABEV3.SA;BBAS3.SA;BBDC4.SA;ITUB4.SA;VALE3.SA,-0.004919571601198032,0.0005781931362037376,735,2025-12-08,1.0,0.35
2025-12-10,0.35,0.3329961405608858,0.3170038594391143,0.0,0.0,5,ABEV3.SA;BBAS3.SA;BBDC4.SA;ITUB4.SA;VALE3.SA,-0.002618021399644302,0.0005224897408649606,736,2025-12-09,1.0,0.35
2025-12-11,0.35,0.35,0.30000000000000004,0.0,0.0,5,ABEV3.SA;BBAS3.SA;BBDC4.SA;ITUB4.SA;VALE3.SA,0.0006002421213755299,0.0003783378469292484,737,2025-12-10,1.0,0.35
2025-12-12,0.35,0.0,0.0,0.35,0.30000000000000004,5,ABEV3.SA;BBAS3.SA;BBDC4.SA;ITUB4.SA;VALE3.SA,-0.00986757029687747,0.0003114225307171941,738,2025-12-11,1.0,0.35
2025-12-15,0.35,0.11064507868498993,0.3281138594712093,0.0,0.21124106184380087,5,ABEV3.SA;BBAS3.SA;BBDC4.SA;ITUB4.SA;VALE3.SA,4.241257618849206e-05,0.0003082518623873015,739,2025-12-12,1.0,0.35
2025-12-16,0.35000000000000003,0.2941115928992506,0.17585031378581797,0.0,0.18003809331493154,5,ABEV3.SA;BBAS3.SA;BBDC4.SA;ITUB4.SA;VALE3.SA,0.022414594530349864,0.00018332883972472044,740,2025-12-15,1.0000000000000002,0.35000000000000003
2025-12-17,0.35,0.35,0.30000000000000004,0.0,0.0,5,ABEV3.SA;BBAS3.SA;BBDC4.SA;ITUB4.SA;VALE3.SA,0.012996932060264463,0.0004590339673597044,741,2025-12-16,1.0,0.35
2025-12-18,0.35,0.09074738088894783,0.15735859860718182,0.19876529408664773,0.20312872641722265,5,ABEV3.SA;BBAS3.SA;BBDC4.SA;ITUB4.SA;VALE3.SA,0.028656069853763684,0.0002271629888602343,742,2025-12-17,1.0,0.35
2025-12-19,0.35,0.0382286986769446,0.32113013417779995,0.29064116714525545,0.0,5,ABEV3.SA;BBAS3.SA;BBDC4.SA;ITUB4.SA;VALE3.SA,0.018363193960431522,0.0007293126688527987,743,2025-12-18,1.0,0.35
2025-12-22,0.35000000000000003,0.21940556505748574,0.08059443494251434,0.0,0.35000000000000003,5,ABEV3.SA;BBAS3.SA;BBDC4.SA;ITUB4.SA;VALE3.SA,0.019661550351580133,0.000545333843415482,744,2025-12-19,1.0000000000000002,0.35000000000000003
2025-12-23,0.35,0.35,0.30000000000000004,0.0,0.0,5,ABEV3.SA;BBAS3.SA;BBDC4.SA;ITUB4.SA;VALE3.SA,0.009595676486261317,0.0005269622783477568,745,2025-12-22,1.0,0.35
2025-12-26,0.35,0.10000000000000002,0.35,0.10000000000000002,0.10000000000000002,5,ABEV3.SA;BBAS3.SA;BBDC4.SA;ITUB4.SA;VALE3.SA,0.007289619389587975,0.0004285672350782117,746,2025-12-23,1.0,0.35
2025-12-29,0.35,0.10000000000000002,0.10000000000000002,0.35,0.10000000000000002,5,ABEV3.SA;BBAS3.SA;BBDC4.SA;ITUB4.SA;VALE3.SA,-0.0035304308548933113,0.0006988126247438482,747,2025-12-26,1.0,0.35
2025-12-30,0.35,0.10000000000000002,0.35,0.10000000000000002,0.10000000000000002,5,ABEV3.SA;BBAS3.SA;BBDC4.SA;ITUB4.SA;VALE3.SA,0.00976045160194595,0.0004939521609907549,748,2025-12-29,1.0,0.35
