date,ticker,close,y_real,y_pred,erro,fold
2023-06-23,B3SA3,12.999049,-0.026686772889671213,-0.0013661689590662718,-0.02532060393060494,1
2023-06-26,B3SA3,12.656734,0.0007116455883651655,-0.0013661689590662718,0.0020778145474314373,1
2023-06-27,B3SA3,12.665745,0.0003836325654134143,-0.001484591979533434,0.0018682245449468482,1
2023-06-28,B3SA3,12.670605,0.04827803327207907,-0.0013661689590662718,0.049644202231145344,1
2023-06-29,B3SA3,13.297323,-0.002051193526459468,-0.0013661689590662718,-0.000685024567393196,1
2023-06-30,B3SA3,13.270076,0.021666343140300765,-0.0013661689590662718,0.023032512099367037,1
2023-07-03,B3SA3,13.560727,-0.012807757567449446,-0.0013661689590662718,-0.011441588608383174,1
2023-07-04,B3SA3,13.388152,-0.0006786505319389579,-0.001484591979533434,0.000805941447594476,1
2023-07-05,B3SA3,13.379069,-0.0380537505909204,-0.0013661689590662718,-0.03668758163185413,1
2023-07-06,B3SA3,12.879511,0.0126140829422418,-0.0010584450792521238,0.013672528021493924,1
2023-07-07,B3SA3,13.043003,-0.01969111879269838,-0.0010584450792521238,-0.018632673713446256,1
2023-07-10,B3SA3,12.788684,-0.010710696717631162,-0.0013661689590662718,-0.00934452775856489,1
2023-07-11,B3SA3,12.652439,0.02271222407731466,-0.001484591979533434,0.024196816056848095,1
2023-07-12,B3SA3,12.943092,0.021521242528568046,-0.0017197090201079845,0.02324095154867603,1
2023-07-13,B3SA3,13.224663,-0.0075836349972347155,-0.0017197090201079845,-0.005863925977126731,1
2023-07-14,B3SA3,13.124751,0.00964179303974479,-0.0017197090201079845,0.011361502059852775,1
2023-07-17,B3SA3,13.251909,0.008191174182320952,-0.0017197090201079845,0.009910883202428937,1
2023-07-18,B3SA3,13.360904,-0.007505869987568978,-0.001484591979533434,-0.006021278008035544,1
2023-07-19,B3SA3,13.260994,0.0006846192749510931,-0.0017197090201079845,0.0024043282950590777,1
2023-07-20,B3SA3,13.270076,0.03761359796463927,-0.0017197090201079845,0.039333306984747254,1
2023-07-21,B3SA3,13.778717,-0.0046250792876503174,-0.0014119851402938366,-0.003213094147356481,1
2023-07-24,B3SA3,13.715137,-0.00731150903386622,-0.0014119851402938366,-0.005899523893572383,1
2023-07-25,B3SA3,13.615224,-0.0026719896011311336,-0.0013931796420365572,-0.0012788099590945764,1
2023-07-26,B3SA3,13.578893,-0.023689639316942665,-0.0017197090201079845,-0.02196993029683468,1
2023-07-27,B3SA3,13.260994,0.008185514234073573,-0.0017197090201079845,0.009905223254181557,1
2023-07-28,B3SA3,13.3699875,0.01215399624686114,-0.0017197090201079845,0.013873705266969124,1
2023-07-31,B3SA3,13.533478,-0.010796305633132483,-0.0017197090201079845,-0.009076596613024498,1
2023-08-01,B3SA3,13.388152,0.0020332636527351055,-0.0017009032890200615,0.003734166941755167,1
2023-08-02,B3SA3,13.415401,0.006747677171129802,-0.0017197090201079845,0.008467386191237786,1
2023-08-03,B3SA3,13.50623,-0.010818275684098221,-0.0014119851402938366,-0.009406290543804385,1
2023-08-04,B3SA3,13.360904,-0.005453344902688482,-0.0017197090201079845,-0.0037336358825804973,1
2023-08-07,B3SA3,13.28824,-0.009615449338360397,-0.0017197090201079845,-0.007895740318252412,1
2023-08-08,B3SA3,13.16108,-0.013199106421722338,-0.0017009032890200615,-0.011498203132702276,1
2023-08-09,B3SA3,12.988507,-0.002100308453383544,-0.0014119851402938366,-0.0006883233130897076,1
2023-08-10,B3SA3,12.961256,-0.0049172776491809116,-0.0014119851402938366,-0.003505292508887075,1
2023-08-11,B3SA3,12.897678,-0.006358367272642295,-0.0014119851402938366,-0.004946382132348459,1
2023-08-14,B3SA3,12.81593,-0.006398905170403022,-0.0014119851402938366,-0.004986920030109186,1
2023-08-15,B3SA3,12.734184,-0.015091786637562056,-0.0017009032890200615,-0.013390883348541995,1
2023-08-16,B3SA3,12.543446,-0.027901950488917287,-0.0017197090201079845,-0.026182241468809302,1
2023-08-17,B3SA3,12.198297,0.016980700123137477,-0.0014119851402938366,0.018392685263431314,1
2023-08-18,B3SA3,12.407201,-0.013264558891934116,-0.0017197090201079845,-0.011544849871826132,1
2023-08-21,B3SA3,12.243711,0.027799729123781352,-0.0017197090201079845,0.029519438143889336,1
2023-08-22,B3SA3,12.588859,0.024235139214540152,-0.001075459411367774,0.025310598625907926,1
2023-08-23,B3SA3,12.897678,-0.0365764659524433,-0.0014119851402938366,-0.035164480812149464,1
2023-08-24,B3SA3,12.43445,-0.014716766168541595,-0.0014119851402938366,-0.013304781028247758,1
2023-08-25,B3SA3,12.252795,0.002960591215100973,-0.0014119851402938366,0.0043725763553948095,1
2023-08-28,B3SA3,12.2891245,0.0029520841047978507,-0.0017197090201079845,0.004671793124905835,1
2023-08-29,B3SA3,12.325457,-0.02613073178083633,-0.000767735589761287,-0.025362996191075043,1
2023-08-30,B3SA3,12.007555,-0.022180534022731044,-0.0014119851402938366,-0.020768548882437208,1
2023-08-31,B3SA3,11.744153,0.003859485647651743,-0.0014119851402938366,0.00527147078794558,1
2023-09-01,B3SA3,11.789567,0.006144440940067068,-0.0014119851402938366,0.007556426080360904,1
2023-09-04,B3SA3,11.86223,-0.022455342496171527,-0.0017197090201079845,-0.020735633476063543,1
2023-09-05,B3SA3,11.598828,-0.018175311412887182,-0.0009810493793338537,-0.01719426203355333,1
2023-09-06,B3SA3,11.38992,0.0,-0.0017197090201079845,0.0017197090201079845,1
2023-09-08,B3SA3,11.38992,0.029078671275187613,-0.0017197090201079845,0.030798380295295597,1
2023-09-11,B3SA3,11.7259865,0.019179640141237023,-0.0014119851402938366,0.02059162528153086,1
2023-09-12,B3SA3,11.953057,0.0037923198943837946,-0.001075459411367774,0.004867779305751569,1
2023-09-13,B3SA3,11.998473,0.006790017033251946,-0.0017197090201079845,0.00850972605335993,1
2023-09-14,B3SA3,12.08022,-0.00754745861860885,-0.0017197090201079845,-0.005827749598500865,1
2023-09-15,B3SA3,11.989388,-0.00913232666614839,-0.0014119851402938366,-0.007720341525854553,1
2023-09-18,B3SA3,11.880396,-0.012307986101937963,-0.0017197090201079845,-0.010588277081829979,1
2023-09-19,B3SA3,11.735068,0.016123375952210302,-0.001075459411367774,0.017198835363578076,1
2023-09-20,B3SA3,11.925811,-0.04199689024592226,-0.0017197090201079845,-0.04027718122581427,1
2023-09-21,B3SA3,11.435335,-0.012435710386662049,-0.0014119851402938366,-0.011023725246368212,1
2023-09-22,B3SA3,11.294009,0.0008107244298091689,-0.0017197090201079845,0.0025304334499171533,1
2023-09-25,B3SA3,11.303169,-0.022123103739879812,-0.0017197090201079845,-0.020403394719771827,1
2023-09-26,B3SA3,11.055854,-0.003319513799012563,-0.0009810493793338537,-0.0023384644196787095,1
2023-09-27,B3SA3,11.019215,0.014851839366386413,-0.0014119851402938366,0.01626382450668025,1
2023-09-28,B3SA3,11.184092,0.006530567252715948,-0.0017197090201079845,0.008250276272823933,1
2023-09-29,B3SA3,11.257369,-0.02387918490920616,-0.0017197090201079845,-0.022159475889098175,1
2023-10-02,B3SA3,10.991736,-0.04342955634159208,-0.0017197090201079845,-0.0417098473214841,1
2023-10-03,B3SA3,10.524588,0.03169422652837807,-0.0009810493793338537,0.03267527590771192,1
2023-10-04,B3SA3,10.863499,-0.01102178179523019,-0.0017197090201079845,-0.009302072775122206,1
2023-10-05,B3SA3,10.744421,0.009334145209962208,-0.0017197090201079845,0.011053854230070192,1
2023-10-06,B3SA3,10.8451805,-0.005080596348086504,-0.0014119851402938366,-0.003668611207792667,1
2023-10-09,B3SA3,10.79022,0.02266151853344834,-0.0017197090201079845,0.024381227553556324,1
2023-10-10,B3SA3,11.037535,-0.0016611774967761148,-0.000767735589761287,-0.0008934419070148279,1
2023-10-11,B3SA3,11.019215,-0.03639814746464613,-0.0017197090201079845,-0.03467843844453815,1
2023-10-13,B3SA3,10.625347,0.01199643372099218,-0.0020360173657536507,0.01403245108674583,1
2023-10-16,B3SA3,10.753581,-0.04085738759152142,-0.0017197090201079845,-0.03913767857141343,1
2023-10-17,B3SA3,10.323072,-0.012500334747316922,-0.0009810493793338537,-0.011519285367983068,1
2023-10-18,B3SA3,10.194834,-0.011748853285282477,-0.0014119851402938366,-0.01033686814498864,1
2023-10-19,B3SA3,10.075757,0.013544144039484122,-0.0017282934859395027,0.015272437525423625,1
2023-10-20,B3SA3,10.213153,0.014247922916769675,-0.0017197090201079845,0.015967631936877662,1
2023-10-23,B3SA3,10.359711,0.025318074946874946,-0.0017197090201079845,0.02703778396698293,1
2023-10-24,B3SA3,10.625347,-0.005186074718885244,-0.000767735589761287,-0.004418339129123957,1
2023-10-25,B3SA3,10.570386,0.01633033228498345,-0.0014119851402938366,0.017742317425277286,1
2023-10-26,B3SA3,10.744421,-0.04623584664135543,-0.0017197090201079845,-0.04451613762124745,1
2023-10-27,B3SA3,10.258953,-0.010772125172007629,-0.0017197090201079845,-0.009052416151899645,1
2023-10-30,B3SA3,10.149035,0.0018034786386664802,-0.0017197090201079845,0.0035231876587744648,1
2023-10-31,B3SA3,10.167356,0.03974036153960745,-0.001075459411367774,0.040815820950975225,1
2023-11-01,B3SA3,10.579546,0.05556986090002351,-0.0017197090201079845,0.0572895699201315,1
2023-11-03,B3SA3,11.184092,0.0024539739138117996,-0.0014119851402938366,0.003865959054105636,1
2023-11-06,B3SA3,11.211571,0.017814239551979003,-0.0017197090201079845,0.019533948572086988,1
2023-11-07,B3SA3,11.413086,0.0008023527422894823,-0.001075459411367774,0.0018778121536572562,1
2023-11-08,B3SA3,11.422247,-0.008860476809452122,-0.0017197090201079845,-0.007140767789344138,1
2023-11-09,B3SA3,11.321487,0.047402279452550884,-0.0017197090201079845,0.04912198847265887,1
2023-11-10,B3SA3,11.871075,-0.04175483219414345,-0.0017197090201079845,-0.040035123174035465,1
2023-11-13,B3SA3,11.385606,0.018334538187606133,-0.0017197090201079845,0.020054247207714117,1
2023-11-14,B3SA3,11.596281,0.02032901289318907,-0.001075459411367774,0.021404472304556842,1
2023-11-16,B3SA3,11.8344345,-0.014815105029247471,-0.0017197090201079845,-0.013095396009139487,1
2023-11-17,B3SA3,11.6603985,0.029414002553504407,-0.0017197090201079845,0.03113371157361239,1
2023-11-20,B3SA3,12.0084715,-0.020810033098933842,-0.0017197090201079845,-0.019090324078825858,1
2023-11-21,B3SA3,11.761157,0.013921414373977207,-0.0017009032890200615,0.015622317662997268,1
2023-11-22,B3SA3,11.926034,0.011454808845343025,-0.0017197090201079845,0.01317451786545101,1
2023-11-23,B3SA3,12.06343,-0.01916508764464328,-0.0017197090201079845,-0.017445378624535296,1
2023-11-24,B3SA3,11.8344345,0.0,-0.0017197090201079845,0.0017197090201079845,1
2023-11-27,B3SA3,11.8344345,0.022954357038173123,-0.0017197090201079845,0.024674066058281107,1
2023-11-28,B3SA3,12.109228,0.0022667829155170903,-0.001075459411367774,0.0033422423268848643,1
2023-11-29,B3SA3,12.136708,0.0037665120405508614,-0.0014119851402938366,0.0051784971808446975,1
2023-11-30,B3SA3,12.1825075,0.017145354014650907,-0.0014119851402938366,0.018557339154944744,1
2023-12-01,B3SA3,12.393182,0.0007389233379058316,-0.0017197090201079845,0.002458632358013816,1
2023-12-04,B3SA3,12.402343,-0.006669120101812013,-0.0014119851402938366,-0.005257134961518177,1
2023-12-05,B3SA3,12.319905,-0.016492286835172162,-0.0009810493793338537,-0.015511237455838309,1
2023-12-06,B3SA3,12.118388,0.0045249455822286315,-0.0014119851402938366,0.005936930722522468,1
2023-12-07,B3SA3,12.173347,0.01863646135475538,-0.0017197090201079845,0.020356170374863366,1
2023-12-08,B3SA3,12.402343,0.02839657158911189,-0.0017197090201079845,0.030116280609219875,1
2023-12-11,B3SA3,12.759575,-0.00575964447084206,-0.0014119851402938366,-0.004347659330548224,1
2023-12-12,B3SA3,12.6862955,0.04102406174893199,-0.0009810493793338537,0.04200511112826585,1
2023-12-13,B3SA3,13.217562,0.02734285391057813,-0.0014119851402938366,0.028754839050871967,1
2023-12-14,B3SA3,13.583954,-0.010847520780249139,-0.0014119851402938366,-0.009435535639955302,1
2023-12-15,B3SA3,13.437398,0.004760288828418195,-0.0014119851402938366,0.006172273968712031,1
2023-12-18,B3SA3,13.501516,-0.012973979555790825,-0.0017197090201079845,-0.01125427053568284,1
2023-12-19,B3SA3,13.327479,-0.026463899263270592,-0.0017009032890200615,-0.02476299597425053,1
2023-12-20,B3SA3,12.979408,0.02233175901733881,-0.0017197090201079845,0.024051468037446795,1
2023-12-21,B3SA3,13.272522,0.0013792781280104977,-0.0017197090201079845,0.003098987148118482,1
2023-12-22,B3SA3,13.290841,0.010284708707440101,-0.0017197090201079845,0.012004417727548086,1
2023-12-26,B3SA3,13.428239,-0.005472197551377156,-0.001484591979533434,-0.0039876055718437225,1
2023-12-27,B3SA3,13.354958,-0.002059649038141585,-0.0017197090201079845,-0.0003399400180336006,1
2023-12-28,B3SA3,13.327479,-0.01953142873183718,-0.0017197090201079845,-0.017811719711729197,1
2024-01-02,B3SA3,13.0697,-0.002826918097127783,-0.0017009032890200615,-0.0011260148081077216,1
2024-01-03,B3SA3,13.032805,-0.029445486343474797,-0.0014119851402938366,-0.02803350120318096,1
2024-01-04,B3SA3,12.654643,0.01805743709255225,-0.0014119851402938366,0.019469422232846086,1
2024-01-05,B3SA3,12.885229,0.021947873878287744,-0.0014119851402938366,0.02335985901858158,1
2024-01-08,B3SA3,13.171159,-0.015526003684453641,-0.0017197090201079845,-0.013806294664345657,1
2024-01-09,B3SA3,12.968243,-0.010007262117583128,-0.0017009032890200615,-0.008306358828563067,1
2024-01-10,B3SA3,12.839113,0.0021528070366680623,-0.0017197090201079845,0.003872516056776047,1
2024-01-11,B3SA3,12.866783,0.010695353773828412,-0.0017197090201079845,0.012415062793936397,1
2024-01-12,B3SA3,13.0051365,0.0021252803641751365,-0.0017197090201079845,0.003844989384283121,1
2024-01-15,B3SA3,13.032805,-0.010672377765290347,0.0019285542657598853,-0.012600932031050232,2
2024-01-16,B3SA3,12.894454,-0.01804455187803946,0.0017983197467401624,-0.019842871624779622,2
2024-01-17,B3SA3,12.663866,0.008702050642763838,0.0023570144549012184,0.00634503618786262,2
2024-01-18,B3SA3,12.774549,-0.004341522151040764,0.0019168488215655088,-0.0062583709726062725,2
2024-01-19,B3SA3,12.719208,-0.022736525525711024,-0.0012377910315990448,-0.02149873449411198,2
2024-01-22,B3SA3,12.43328,0.01837599703398812,0.0022863124031573534,0.016089684630830766,2
2024-01-23,B3SA3,12.663866,-0.007309866995553469,0.002226217184215784,-0.009536084179769252,2
2024-01-24,B3SA3,12.571632,-0.01478224720457993,6.700766971334815e-05,-0.014849254874293278,2
2024-01-25,B3SA3,12.387162,-0.01576030254350394,0.0022863124031573534,-0.018046614946661294,2
2024-01-26,B3SA3,12.193467,-0.0007565952854875675,0.0021197707392275333,-0.0028763660247151006,2
2024-01-29,B3SA3,12.184245,-0.016024889738358705,-0.0009001729777082801,-0.015124716760650424,2
2024-01-30,B3SA3,11.99055,0.006899311960483315,0.000530222081579268,0.006369089878904047,2
2024-01-31,B3SA3,12.073563,0.015163305819532328,0.0015208441764116287,0.013642461643120699,2
2024-02-01,B3SA3,12.258033,-0.009070474644608093,0.00044714799150824547,-0.009517622636116338,2
2024-02-02,B3SA3,12.147349,-0.007621955982693994,0.0008947770111262798,-0.008516732993820273,2
2024-02-05,B3SA3,12.055115,0.010654702585644962,0.0010722496081143618,0.0095824529775306,2
2024-02-06,B3SA3,12.184245,0.016516897828991527,0.0010722496081143618,0.015444648220877166,2
2024-02-07,B3SA3,12.387162,-0.020309113245562657,-0.0013515109894797206,-0.018957602256082937,2
2024-02-08,B3SA3,12.138127,0.006060676595070252,-0.0018200549529865384,0.00788073154805679,2
2024-02-09,B3SA3,12.211916,-0.02912086327695555,-0.000704802805557847,-0.028416060471397702,2
2024-02-14,B3SA3,11.861423,-0.013307501138150667,0.00010695212404243648,-0.013414453262193104,2
2024-02-15,B3SA3,11.704622,0.0031471174019571456,-0.00025323309819214046,0.003400350500149286,2
2024-02-16,B3SA3,11.741516,-0.00314711740195705,0.001032289583235979,-0.00417940698519303,2
2024-02-19,B3SA3,11.704622,0.01950896465528285,-0.002159325173124671,0.02166828982840752,2
2024-02-20,B3SA3,11.935209,-0.010097009113961726,-0.0006605051457881927,-0.009436503968173533,2
2024-02-21,B3SA3,11.815306,-0.012568926831952917,0.00015501868620049208,-0.01272394551815341,2
2024-02-22,B3SA3,11.667729,-0.015936688113948615,5.030969623476267e-05,-0.015986997810183378,2
2024-02-23,B3SA3,11.483258,0.0024066883245104026,0.002262241905555129,0.00014444641895527358,2
2024-02-26,B3SA3,11.510928,0.02140410301824819,-0.0012682100059464574,0.022672313024194646,2
2024-02-27,B3SA3,11.759965,-0.008162264381310102,-0.0010406437795609236,-0.007121620601749179,2
2024-02-28,B3SA3,11.664368,0.019677934492489866,-0.0016468338435515761,0.021324768336041442,2
2024-02-29,B3SA3,11.896172,-0.032478034477704906,0.0005809503491036594,-0.033058984826808566,2
2024-03-01,B3SA3,11.516014,-0.009708840384704312,0.0011679882882162929,-0.010876828672920604,2
2024-03-04,B3SA3,11.404748,-0.008983477003315721,-0.0015775779029354453,-0.007405899100380276,2
2024-03-05,B3SA3,11.3027525,0.004910133526278865,-0.0007064932724460959,0.005616626798724961,2
2024-03-06,B3SA3,11.358387,0.005698029701673261,0.0005435810890048742,0.005154448612668386,2
2024-03-07,B3SA3,11.423292,0.011299407044476788,-0.0010406437795609236,0.012340050824037711,2
2024-03-08,B3SA3,11.553101,0.00958484710080594,-0.0010889592813327909,0.010673806382138731,2
2024-03-11,B3SA3,11.664368,0.01889817177655323,-0.0011417883215472102,0.02003996009810044,2
2024-03-12,B3SA3,11.886899,-0.004691146413702819,-0.0013913988368585706,-0.003299747576844248,2
2024-03-13,B3SA3,11.831266,-0.01978696078324022,-0.0013369127409532666,-0.018450048042286952,2
2024-03-14,B3SA3,11.5994625,-0.014493006102317036,-0.0015850360505282879,-0.012907970051788748,2
2024-03-15,B3SA3,11.432564,0.002430079174225747,-0.0016756841214373708,0.004105763295663117,2
2024-03-18,B3SA3,11.46038,-0.004053446734934067,-0.0006777233211323619,-0.0033757234138017053,2
2024-03-19,B3SA3,11.41402,0.03511929235119209,-0.0011970350751653314,0.036316327426357424,2
2024-03-20,B3SA3,11.821994,-0.02783484355683754,-0.0017532306956127286,-0.02608161286122481,2
2024-03-21,B3SA3,11.497468,-0.03278971775747507,-0.0005540556740015745,-0.0322356620834735,2
2024-03-22,B3SA3,11.126583,-0.008368287124210873,0.0006576074520125985,-0.009025894576223471,2
2024-03-25,B3SA3,11.033861,0.0,-0.0011277792509645224,0.0011277792509645224,2
2024-03-26,B3SA3,11.033861,0.014451195917397944,-0.00045137162669561803,0.014902567544093562,2
2024-03-27,B3SA3,11.194471,-0.0024990619564480465,-0.0015064029721543193,-0.0009926589842937272,2
2024-03-28,B3SA3,11.166531,-0.0185190278128661,-0.0012418291298672557,-0.017277198682998846,2
2024-04-01,B3SA3,10.96164,-0.0034043104514232354,-0.0009145832154899836,-0.002489727235933252,2
2024-04-02,B3SA3,10.924387,-0.0025607505758017688,0.00016836446593515575,-0.0027291150417369245,2
2024-04-03,B3SA3,10.896448,0.021978851542127566,-0.00045137162669561803,0.022430223168823184,2
2024-04-04,B3SA3,11.138591,0.0033389520660836104,-0.00045137162669561803,0.0037903236927792285,2
2024-04-05,B3SA3,11.175844,0.010775088222679344,-0.0018723447574302554,0.0126474329801096,2
2024-04-08,B3SA3,11.296916,0.021208001846779408,-0.0020844966638833284,0.023292498510662736,2
2024-04-09,B3SA3,11.53906,-0.03532204213554235,-0.001752308919094503,-0.03356973321644785,2
2024-04-10,B3SA3,11.138591,0.0016707413934995035,-0.0002673752896953374,0.001938116683194841,2
2024-04-11,B3SA3,11.157216,-0.022795222300459963,-0.0002727406972553581,-0.022522481603204605,2
2024-04-12,B3SA3,10.905762,-0.01983680035320828,-7.074986933730543e-05,-0.019766050483870975,2
2024-04-15,B3SA3,10.691558,-0.01315240363322231,0.0005796989426016808,-0.01373210257582399,2
2024-04-16,B3SA3,10.551859,-0.00797519326458287,-0.0002948470937553793,-0.00768034617082749,2
2024-04-17,B3SA3,10.46804,-0.008936608657919995,0.0004087106790393591,-0.009345319336959354,2
2024-04-18,B3SA3,10.374908,0.0035842876570198723,-0.0011791574070230126,0.004763445064042885,2
2024-04-19,B3SA3,10.412162,0.008017913232109746,-0.00037858032737858593,0.008396493559488332,2
2024-04-22,B3SA3,10.495981,-0.016100725698563374,-0.0015064029721543193,-0.014594322726409054,2
2024-04-23,B3SA3,10.3283415,-0.013618097210524586,-0.0005540556740015745,-0.013064041536523012,2
2024-04-24,B3SA3,10.1886425,-0.01010567962977216,-0.0009148273384198546,-0.009190852291352306,2
2024-04-25,B3SA3,10.086198,0.035377984449650526,-0.0001652315550018102,0.03554321600465234,2
2024-04-26,B3SA3,10.449414,-0.007155682799920071,-0.0004268344782758504,-0.006728848321644221,2
2024-04-29,B3SA3,10.374908,-0.03192254536131206,0.00025714767980389297,-0.03217969304111595,2
2024-04-30,B3SA3,10.048945,0.024715196916840904,0.001693205558694899,0.023021991358146005,2
2024-05-02,B3SA3,10.300402,0.02940088817628637,-0.0002727406972553581,0.02967362887354173,2
2024-05-03,B3SA3,10.6077385,0.010480603914388573,-0.0013191007310524583,0.011799704645441032,2
2024-05-06,B3SA3,10.719499,0.006063141468326532,-0.0021909086499363184,0.00825405011826285,2
2024-05-07,B3SA3,10.78469,0.007742025301224031,-0.0017690466484054923,0.009511071949629524,2
2024-05-08,B3SA3,10.868509,-0.0402153270186625,-0.002587021328508854,-0.03762830569015364,2
2024-05-09,B3SA3,10.440101,-0.024380605417050238,0.000495790911372751,-0.02487639632842299,2
2024-05-10,B3SA3,10.1886425,0.026163118618665313,0.002159582683816552,0.02400353593484876,2
2024-05-13,B3SA3,10.458727,0.021146302943913564,0.0011287941597402096,0.020017508784173355,2
2024-05-14,B3SA3,10.682245,0.003481344103583042,0.00011055776849389076,0.003370786335089151,2
2024-05-15,B3SA3,10.719499,0.006063141468326532,-0.0012999465689063072,0.0073630880372328395,2
2024-05-16,B3SA3,10.78469,-0.013913301058327304,-0.003268982283771038,-0.010644318774556266,2
2024-05-17,B3SA3,10.635678,0.0008752196842352245,-0.0001659771951381117,0.0010411968793733362,2
2024-05-20,B3SA3,10.644991,-0.001751206049029128,0.00041515822522342205,-0.00216636427425255,2
2024-05-21,B3SA3,10.626366,-0.03115534613588028,-0.002960741287097335,-0.028194604848782945,2
2024-05-22,B3SA3,10.300402,0.004510699560123688,0.00016542868979740888,0.004345270870326279,2
2024-05-23,B3SA3,10.346969,0.002696648884347534,0.00115999358240515,0.001536655301942384,2
2024-05-24,B3SA3,10.374908,-0.00359708874986381,-0.0006498114671558142,-0.002947277282707996,2
2024-05-27,B3SA3,10.337656,-0.0027064721007093516,0.00026439750217832625,-0.002970869602887678,2
2024-05-28,B3SA3,10.309715,-0.017312466353283058,-0.00010188890155404806,-0.01721057745172901,2
2024-05-29,B3SA3,10.132765,-0.016682421499054637,-0.0013624286511912942,-0.015319992847863343,2
2024-05-31,B3SA3,9.965128,-0.0009350545681333035,0.002230507554486394,-0.0031655621226196976,2
2024-06-03,B3SA3,9.955814,0.0018690444023179045,-0.0002116580435540527,0.0020807024458719572,2
2024-06-04,B3SA3,9.97444,0.002797223583181686,-0.00011719472240656614,0.002914418305588252,2
2024-06-05,B3SA3,10.002379,0.03116664593437505,-0.002000947017222643,0.03316759295159769,2
2024-06-06,B3SA3,10.319029,-0.030235751880137978,-0.0009726467542350292,-0.02926310512590295,2
2024-06-07,B3SA3,10.011695,-0.024483656980410527,-0.0008486479055136442,-0.023635009074896882,2
2024-06-10,B3SA3,9.769548,0.005703767746218711,-0.0005424309056252241,0.006246198651843935,2
2024-06-11,B3SA3,9.825431,-0.014320246498499965,-0.001323390519246459,-0.012996855979253506,2
2024-06-12,B3SA3,9.685731,-0.03125252006082354,0.0010743775637820363,-0.032326897624605576,2
2024-06-13,B3SA3,9.387709,0.02836361794381937,0.001748810987919569,0.0266148069558998,2
2024-06-14,B3SA3,9.65779,0.018156605483766318,-0.00023464221158064902,0.018391247695346967,2
2024-06-17,B3SA3,9.834744,0.004723479768167184,-0.0004507737758103758,0.00517425354397756,2
2024-06-18,B3SA3,9.881309,-0.006091594016618701,0.00042325607500970364,-0.0065148500916284045,2
2024-06-19,B3SA3,9.821299,-0.013474816762585667,0.0007588499574922025,-0.01423366672007787,2
2024-06-20,B3SA3,9.689846,0.006760006788549908,0.0007588499574922025,0.006001156831057706,2
2024-06-21,B3SA3,9.755571,0.011483494835065642,0.0015688571147620678,0.009914637720303574,2
2024-06-24,B3SA3,9.868245,-0.018243501623615384,-0.002246691845357418,-0.015996809778257966,2
2024-06-25,B3SA3,9.689846,-0.009736991920130241,0.000652704038657248,-0.01038969595878749,2
2024-06-26,B3SA3,9.595954,0.017459050127266933,-0.00038653603405691683,0.01784558616132385,2
2024-06-27,B3SA3,9.764961,-0.015504210951687346,0.001688733696937561,-0.017192944648624905,2
2024-06-28,B3SA3,9.614731,0.022212585648922693,-0.001301595359109342,0.023514181008032035,2
2024-07-01,B3SA3,9.830688,-0.0019121463593580904,0.0012522388715296984,-0.0031643852308877885,2
2024-07-02,B3SA3,9.811909,-0.001915712286982154,0.0014131887583062053,-0.0033289010452883594,2
2024-07-03,B3SA3,9.79313,0.014279226818233362,0.0011038207449018955,0.013175406073331467,2
2024-07-04,B3SA3,9.933971,-0.005687130784782633,0.0008768977131694555,-0.006564028497952089,2
2024-07-05,B3SA3,9.877636,0.016030206675692122,-0.003820877755060792,0.019851084430752914,2
2024-07-08,B3SA3,10.037252,-0.006569672362940034,0.0012449764180928469,-0.007814648781032881,2
2024-07-09,B3SA3,9.971527,0.010304510167049887,0.0017555420054122806,0.008548968161637607,2
2024-07-10,B3SA3,10.07481,0.029386919293280054,0.0001315119006903842,0.02925540739258967,2
2024-07-11,B3SA3,10.375271,0.04078594730121808,0.0005116504617035389,0.04027429683951454,2
2024-07-12,B3SA3,10.807184,-0.004353473485133144,0.0013620390091091394,-0.005715512494242283,2
2024-07-15,B3SA3,10.760238,0.001743682075335206,-0.0022682619746774435,0.004011944050012649,2
2024-07-16,B3SA3,10.7790165,0.0008706580022342195,-0.002463391749188304,0.0033340497514225235,2
2024-07-17,B3SA3,10.788405,-0.028245611495390795,6.225457764230669e-05,-0.0283078660730331,2
2024-07-18,B3SA3,10.487944,0.0,0.0014543235301971436,-0.0014543235301971436,2
2024-07-19,B3SA3,10.487944,0.010685781994023596,-0.00015925642219372094,0.010845038416217317,2
2024-07-22,B3SA3,10.600616,-0.009790789651056876,-0.001930118422023952,-0.007860671229032924,2
2024-07-23,B3SA3,10.4973345,-0.013507700271608959,-0.0016207500593736768,-0.011886950212235282,2
2024-07-24,B3SA3,10.356493,-0.011856015560096734,0.0008063818095251918,-0.012662397369621926,2
2024-07-25,B3SA3,10.234431,0.004576627456576845,0.0013244658475741744,0.0032521616090026703,2
2024-07-26,B3SA3,10.281378,-0.009174296769664593,0.0006210986175574362,-0.009795395387222029,2
2024-07-29,B3SA3,10.187485,-0.00832949019170237,-0.0009221823420375586,-0.007407307849664811,2
2024-07-30,B3SA3,10.102981,0.008329490191702385,-0.00023733722628094256,0.008566827417983328,2
2024-07-31,B3SA3,10.187485,0.0018414369361434042,0.0003219733771402389,0.0015194635590031653,2
2024-08-01,B3SA3,10.206262,-0.0009203413699602034,0.0010987493442371488,-0.002019090714197352,2
2024-08-02,B3SA3,10.196873,0.0,0.0008455103379674256,-0.0008455103379674256,3
2024-08-05,B3SA3,10.196873,0.0027588599903368136,0.0006748905288986862,0.0020839694614381275,3
2024-08-06,B3SA3,10.225043,0.022697191141115253,0.0006987347733229399,0.021998456367792314,3
2024-08-07,B3SA3,10.459777,0.018675402186720893,-0.0014662330504506826,0.020141635237171576,3
2024-08-08,B3SA3,10.656953,0.05735431472200681,-0.0014508265303447843,0.058805141252351596,3
2024-08-09,B3SA3,11.286043,0.014863960572892335,0.00020276903524063528,0.0146611915376517,3
2024-08-12,B3SA3,11.455051,0.03543040878919738,-0.001097039901651442,0.03652744869084882,3
2024-08-13,B3SA3,11.868184,0.004735611958851127,-0.0007142653921619058,0.0054498773510130325,3
2024-08-14,B3SA3,11.9245205,0.0007870529758741916,-0.0005999640561640263,0.001387017032038218,3
2024-08-15,B3SA3,11.933909,-0.017460788511971432,-0.002289667259901762,-0.01517112125206967,3
2024-08-16,B3SA3,11.727343,0.02373524923522977,0.0021734125912189484,0.02156183664401082,3
2024-08-19,B3SA3,12.009024,0.00856374902677206,-0.0011688657104969025,0.009732614737268962,3
2024-08-20,B3SA3,12.112308,0.004640465218320702,0.000706332502886653,0.003934132715434049,3
2024-08-21,B3SA3,12.168645,-0.03294420559209459,-0.0005993584636598825,-0.03234484712843471,3
2024-08-22,B3SA3,11.77429,0.015823139098274083,0.0002652276889421046,0.015557911409331979,3
2024-08-23,B3SA3,11.962078,0.004698527882044347,-0.0015189092373475432,0.006217437119391891,3
2024-08-26,B3SA3,12.0184145,-0.011788094067591858,-0.0025013696867972612,-0.009286724380794597,3
2024-08-27,B3SA3,11.877572,0.003944904735142746,0.0011669081868603826,0.0027779965482823635,3
2024-08-28,B3SA3,11.9245205,-0.012678477647869382,-0.0022227943409234285,-0.010455683306945953,3
2024-08-29,B3SA3,11.77429,0.011102430795649298,0.002766682766377926,0.008335748029271372,3
2024-08-30,B3SA3,11.905742,-0.019913033240099767,0.0014419949147850275,-0.021355028154884794,3
2024-09-02,B3SA3,11.671007,-0.022783686977210567,0.0025800298899412155,-0.025363716867151782,3
2024-09-03,B3SA3,11.408105,0.032391380555021165,0.0029506657738238573,0.029440714781197308,3
2024-09-04,B3SA3,11.783679,0.0031822681671686685,-0.00019950963906012475,0.0033817778062287932,3
2024-09-05,B3SA3,11.821238,-0.02901094228957417,-0.0018229561392217875,-0.027187986150352384,3
2024-09-06,B3SA3,11.483219,0.0057072801347335346,0.001120423199608922,0.0045868569351246126,3
2024-09-09,B3SA3,11.548944,0.011317842589748226,-0.0005221653264015913,0.011840007916149817,3
2024-09-10,B3SA3,11.680396,-0.025235278399787488,0.0011944592697545886,-0.026429737669542076,3
2024-09-11,B3SA3,11.389326,-0.006617072747731465,0.001008175895549357,-0.007625248643280822,3
2024-09-12,B3SA3,11.314211,0.006617072747731505,-0.0006833624793216586,0.007300435227053164,3
2024-09-13,B3SA3,11.389326,0.0024700319060237405,0.0015716498019173741,0.0008983821041063664,3
2024-09-16,B3SA3,11.417493,0.008190149760925794,-0.000461156276287511,0.008651306037213305,3
2024-09-17,B3SA3,11.511388,-0.010660181666949493,0.0006169830448925495,-0.011277164711842043,3
2024-09-18,B3SA3,11.389326,-0.010775131363119944,0.00173077208455652,-0.012505903447676464,3
2024-09-19,B3SA3,11.267263,-0.03390151665175119,-0.0009495873237028718,-0.032951929328048316,3
2024-09-20,B3SA3,10.891688,-0.035091463659562776,-0.00046206815750338137,-0.034629395502059394,3
2024-09-23,B3SA3,10.516111,0.004454493030208899,-0.0009354838402941823,0.005389976870503081,3
2024-09-24,B3SA3,10.56306,-0.03320881287137547,-0.0005251201801002026,-0.032683692691275266,3
2024-09-25,B3SA3,10.218034,0.005545344586985231,-0.0006813802756369114,0.0062267248626221424,3
2024-09-26,B3SA3,10.274854,-0.011121705429987952,-0.0043131401762366295,-0.006808565253751323,3
2024-09-27,B3SA3,10.161213,-0.0018655932260953465,-0.004046960733830929,0.0021813675077355823,3
2024-09-30,B3SA3,10.142274,0.0,-0.0033931825309991837,0.0033931825309991837,3
2024-10-01,B3SA3,10.142274,0.021247896461470222,-0.002224887255579233,0.023472783717049455,3
2024-10-02,B3SA3,10.360082,-0.02031452388084761,-0.0017777138855308294,-0.01853680999531678,3
2024-10-03,B3SA3,10.151745,0.0027945272729972964,-0.001963610528036952,0.0047581378010342484,3
2024-10-04,B3SA3,10.180154,-0.018779759237742014,-0.0024292324669659138,-0.0163505267707761,3
2024-10-07,B3SA3,9.990757,0.014117708922681405,-0.001241273363120854,0.015358982285802259,3
2024-10-08,B3SA3,10.132804,-0.0018708286233029355,-0.0014540598494932055,-0.0004167687738097299,3
2024-10-09,B3SA3,10.113865,0.0065328789383635386,0.0010134477633982897,0.005519431174965249,3
2024-10-10,B3SA3,10.180154,-0.005596980024033028,-0.001639723777770996,-0.003957256246262032,3
2024-10-11,B3SA3,10.123335,0.01761756202165382,-0.00040822886512614787,0.01802579088677997,3
2024-10-14,B3SA3,10.303264,-0.003683367350128811,-0.0030346934217959642,-0.0006486739283328466,3
2024-10-15,B3SA3,10.265383,0.012832450223105295,-0.00018152102711610496,0.0130139712502214,3
2024-10-16,B3SA3,10.397962,-0.02396419214359455,-0.002788293408229947,-0.021175898735364605,3
2024-10-17,B3SA3,10.151745,-0.0065513153537433465,-0.001755089731886983,-0.004796225621856364,3
2024-10-18,B3SA3,10.085455,0.01860524142920405,-0.002464395947754383,0.021069637376958432,3
2024-10-21,B3SA3,10.274854,-0.022368115988169273,-0.0036145872436463833,-0.01875352874452289,3
2024-10-22,B3SA3,10.047576,0.0009418809530073059,0.000526034040376544,0.00041584691263076186,3
2024-10-23,B3SA3,10.057044,0.014953669299745294,-0.0022451572585850954,0.01719882655833039,3
2024-10-24,B3SA3,10.208564,-0.006514732920666399,-0.0033477703109383583,-0.0031669626097280404,3
2024-10-25,B3SA3,10.142274,0.01666709211753662,-0.003319063689559698,0.01998615580709632,3
2024-10-28,B3SA3,10.312733,-0.005524827004531261,-0.0037158699706196785,-0.0018089570339115827,3
2024-10-29,B3SA3,10.255914,-0.004627532192338829,-0.0023698986042290926,-0.0022576335881097365,3
2024-10-30,B3SA3,10.208564,-0.01495366929974515,-0.003102591261267662,-0.011851078038477488,3
2024-10-31,B3SA3,10.057044,-0.019011940902740325,-0.0012791887857019901,-0.017732752117038335,3
2024-11-01,B3SA3,9.867646,0.0413593249909763,-0.0016967460978776217,0.04305607108885392,3
2024-11-04,B3SA3,10.284323,0.010077947946961697,-0.0034140031784772873,0.013491951125438984,3
2024-11-05,B3SA3,10.388492,-0.029604338429239638,-0.0013793354155495763,-0.02822500301369006,3
2024-11-06,B3SA3,10.085455,0.005617942773120723,9.529548697173595e-05,0.005522647286148987,3
2024-11-07,B3SA3,10.142274,-0.038063505807904005,-0.001737810904160142,-0.03632569490374386,3
2024-11-08,B3SA3,9.763478,-0.01465587356819891,0.0017651799134910107,-0.016421053481689922,3
2024-11-11,B3SA3,9.621429,0.014655873568198807,0.001538653508760035,0.013117220059438772,3
2024-11-12,B3SA3,9.763478,-0.00778977993744091,0.0005375585751608014,-0.008327338512601711,3
2024-11-13,B3SA3,9.687718,0.0039025730916362445,0.0029309799429029226,0.0009715931487333219,3
2024-11-14,B3SA3,9.725599,-0.026641941340585437,0.00034139573108404875,-0.026983337071669486,3
2024-11-18,B3SA3,9.469912,0.0019979178366891105,0.0024567623622715473,-0.00045884452558243687,3
2024-11-19,B3SA3,9.488851,-0.02016182734357568,0.001608463586308062,-0.02177029092988374,3
2024-11-21,B3SA3,9.299454,0.02016182734357554,0.000656144053209573,0.019505683290365967,3
2024-11-22,B3SA3,9.488851,0.011904996469310813,-0.00039740794454701245,0.012302404413857826,3
2024-11-25,B3SA3,9.60249,0.003936845937900301,-0.00036221739719621837,0.00429906333509652,3
2024-11-26,B3SA3,9.640368,-0.04213254278773647,0.002905016066506505,-0.04503755885424297,3
2024-11-27,B3SA3,9.242633,-0.06453850050115034,0.0029208746273070574,-0.0674593751284574,3
2024-11-28,B3SA3,8.6649685,0.011950263504822731,0.005070534534752369,0.0068797289700703625,3
2024-11-29,B3SA3,8.769138,0.011809032039450268,0.0019807028584182262,0.009828329181032042,3
2024-12-02,B3SA3,8.873307,0.009559255002152187,-0.000746360863558948,0.010305615865711135,3
2024-12-03,B3SA3,8.958536,0.011560597256413663,0.003516197670251131,0.008044399586162532,3
2024-12-04,B3SA3,9.062703,0.021706452567524973,0.0010344134643673897,0.020672039103157583,3
2024-12-05,B3SA3,9.261573,0.015221012364719849,0.0028445718344300985,0.01237644053028975,3
2024-12-06,B3SA3,9.403622,0.007024670309902805,-0.0014668457442894578,0.008491516054192263,3
2024-12-09,B3SA3,9.469912,0.015873274618191217,0.0002564315509516746,0.015616843067239542,3
2024-12-10,B3SA3,9.621429,0.022385441569775177,0.0003377671237103641,0.022047674446064813,3
2024-12-11,B3SA3,9.839238,-0.010643727055395793,-0.004376865923404694,-0.006266861131991099,3
2024-12-12,B3SA3,9.735067,-0.005853525335819886,-0.0058739688247442245,2.0443488924338712e-05,3
2024-12-13,B3SA3,9.678249,-0.009832998811810666,-0.0004410377296153456,-0.00939196108219532,3
2024-12-16,B3SA3,9.5835495,0.0,0.00011461475514806807,-0.00011461475514806807,3
2024-12-17,B3SA3,9.5835495,-0.02602739876091937,-0.0007581243989989161,-0.025269274361920453,3
2024-12-18,B3SA3,9.337333,0.012096915363729688,0.001005863887257874,0.011091051476471814,3
2024-12-19,B3SA3,9.450972,0.028643959752834892,-0.0010155329946428537,0.029659492747477745,3
2024-12-20,B3SA3,9.725599,-0.0009741918437033756,0.0006865561008453369,-0.0016607479445487124,3
2024-12-23,B3SA3,9.716129,0.006799399110474116,-0.004068693611770868,0.010868092722244985,3
2024-12-26,B3SA3,9.782418,0.0028998793600201766,-0.0031978334300220013,0.0060977127900421774,3
2024-12-27,B3SA3,9.810827,-0.0038685076729495743,-0.0023713484406471252,-0.001497159232302449,3
2024-12-30,B3SA3,9.772947,-0.005471788900881486,-0.001166188856586814,-0.004305600044294672,3
2025-01-02,B3SA3,9.719618,-0.009852277013606069,-0.0008789277635514736,-0.008973349250054595,3
2025-01-03,B3SA3,9.624328,0.027345381148180005,-0.0018090137746185064,0.02915439492279851,3
2025-01-06,B3SA3,9.89114,-0.006766440554143828,-0.0003357873938512057,-0.006430653160292623,3
2025-01-07,B3SA3,9.824438,-0.0009704105213117565,0.0037409949582070112,-0.004711405479518768,3
2025-01-08,B3SA3,9.814909,-0.009756253059118333,-0.0015231241704896092,-0.008233128888628724,3
2025-01-09,B3SA3,9.719618,-0.040005356640301526,0.002060944912955165,-0.04206630155325669,3
2025-01-10,B3SA3,9.338456,-0.0010209373749075715,0.0029805926606059074,-0.004001530035513479,3
2025-01-13,B3SA3,9.328927,0.0050942955582492224,-0.00030906169558875263,0.005403357253837975,3
2025-01-14,B3SA3,9.376573,0.0649194792624966,-0.003254175651818514,0.06817365491431511,3
2025-01-15,B3SA3,10.005488,-0.022148122315940898,0.0003040779265575111,-0.02245220024249841,3
2025-01-16,B3SA3,9.786322,0.0077595575361432845,-0.0022509819827973843,0.010010539518940669,3
2025-01-17,B3SA3,9.862555,-0.002902976662877789,0.00014204159379005432,-0.0030450182566678433,3
2025-01-20,B3SA3,9.833965,0.004833301465347664,-0.001711319899186492,0.006544621364534156,3
2025-01-21,B3SA3,9.881611,0.0057693893617604625,-0.0014744908548891544,0.007243880216649617,3
2025-01-22,B3SA3,9.9387865,-0.007699714164230254,0.0007835033466108143,-0.008483217510841069,3
2025-01-23,B3SA3,9.862555,0.0019303248024699225,-0.000762420822866261,0.0026927456253361837,3
2025-01-24,B3SA3,9.881611,0.018156401898381237,-8.84334440343082e-06,0.018165245242784667,3
2025-01-27,B3SA3,10.062664,-0.0009474259019902234,-0.0015135925495997071,0.0005661666476094837,3
2025-01-28,B3SA3,10.053135,0.0,-0.002173927379772067,0.002173927379772067,3
2025-01-29,B3SA3,10.053135,0.04991787822646086,-0.0014871701132506132,0.051405048339711476,3
2025-01-30,B3SA3,10.567702,0.008976703299815786,-0.0010403548367321491,0.010017058136547935,3
2025-01-31,B3SA3,10.6629925,-0.002684497330643832,-0.002998689655214548,0.00031419232457071625,3
2025-02-03,B3SA3,10.634406,-0.00809727512172023,-0.0034711717162281275,-0.004626103405492103,3
2025-02-04,B3SA3,10.548644,-0.007252945811040326,-0.002402239479124546,-0.00485070633191578,3
2025-02-05,B3SA3,10.472412,0.02071211755657957,-0.0019150397274643183,0.022627157284043888,3
2025-02-06,B3SA3,10.69158,-0.023445535073043,-0.001973201986402273,-0.021472333086640726,3
2025-02-07,B3SA3,10.443826,0.012692836834804,0.0006255810149013996,0.0120672558199026,3
2025-02-10,B3SA3,10.577232,0.007181326666131008,-0.004535994958132505,0.011717321624263513,3
2025-02-11,B3SA3,10.653464,-0.01260143725687502,-0.00364669319242239,-0.00895474406445263,3
2025-02-12,B3SA3,10.520058,0.011706485880549983,-0.003017365699633956,0.014723851580183939,3
2025-02-13,B3SA3,10.643934,0.03691099108386665,-0.0005986830219626427,0.03750967410582929,3
2025-02-14,B3SA3,11.044153,-0.0008631922163099678,-0.0013499922351911664,0.0004868000188811986,3
2025-02-17,B3SA3,11.034624,-0.005194685438136669,-9.826643508858979e-05,-0.00509641900304808,3
2025-02-18,B3SA3,10.977451,-0.01310645294816885,-0.00030416229856200516,-0.012802290649606845,3
2025-02-19,B3SA3,10.834515,-0.00706089833712534,-0.002132493769749999,-0.004928404567375341,3
2025-02-20,B3SA3,10.758283,-0.0062194391956927764,-0.0004006142553407699,-0.0058188249403520066,3
2025-02-21,B3SA3,10.69158,-0.03445500085205269,0.0005231867544353008,-0.03497818760648799,4
2025-02-24,B3SA3,10.329475,-0.003696799305133761,0.0005231867544353008,-0.004219986059569062,4
2025-02-25,B3SA3,10.29136,-0.014925583328877945,0.0005231867544353008,-0.015448770083313246,4
2025-02-26,B3SA3,10.138896,0.005623115320111471,0.0014054160565137863,0.004217699263597685,4
2025-02-27,B3SA3,10.196069,-0.028437977590495832,0.0005231867544353008,-0.028961164344931133,4
2025-02-28,B3SA3,9.910197,0.012422620982348809,8.487905142828822e-05,0.01233774193092052,4
2025-03-05,B3SA3,10.034076,0.01039224128803564,8.487905142828822e-05,0.010307362236607352,4
2025-03-06,B3SA3,10.138896,0.005623115320111471,8.487905142828822e-05,0.005538236268683183,4
2025-03-07,B3SA3,10.196069,-0.021729512991436127,0.0014054160565137863,-0.023134929047949913,4
2025-03-10,B3SA3,9.976903,-0.006708464599059717,8.487905142828822e-05,-0.006793343650488005,4
2025-03-11,B3SA3,9.910197,0.00956952891793384,8.487905142828822e-05,0.009484649866505553,4
2025-03-12,B3SA3,10.005488,0.09962991900863391,8.487905142828822e-05,0.09954503995720562,4
2025-03-13,B3SA3,11.053683,0.10389385987760834,0.001081871334463358,0.10281198854314498,4
2025-03-14,B3SA3,12.26387,-0.035590835220326716,-0.00016572902677580714,-0.03542510619355091,4
2025-03-17,B3SA3,11.835065,-0.031073639034038605,0.0008571023354306817,-0.03193074136946929,4
2025-03-18,B3SA3,11.472961,0.025421499349175578,0.00019964207604061812,0.02522185727313496,4
2025-03-19,B3SA3,11.76836,0.00404036150288917,-0.00016572902677580714,0.004206090529664977,4
2025-03-20,B3SA3,11.816005,0.012820792272993483,-0.00016572902677580714,0.01298652129976929,4
2025-03-21,B3SA3,11.968471,-0.012820792272993469,-0.00016572902677580714,-0.012655063246217662,4
2025-03-24,B3SA3,11.816005,-0.0008067027737112051,0.0008571023354306817,-0.001663805109141887,4
2025-03-25,B3SA3,11.806477,0.004276388551933126,0.0008571023354306817,0.003419286216502444,4
2025-03-26,B3SA3,11.857074,0.0008074407835428852,-0.00016572902677580714,0.0009731698103186923,4
2025-03-27,B3SA3,11.866652,-0.012180525317480387,0.0004234003135934472,-0.012603925631073834,4
2025-03-28,B3SA3,11.722986,-0.00820337271015039,-0.00016572902677580714,-0.008037643683374583,4
2025-03-31,B3SA3,11.627212,0.009836213784967747,-0.00016572902677580714,0.010001942811743554,4
2025-04-01,B3SA3,11.742144,0.012966102183972546,-0.00016572902677580714,0.013131831210748353,4
2025-04-02,B3SA3,11.895385,0.024653239643699875,0.0004234003135934472,0.024229839330106428,4
2025-04-03,B3SA3,12.192289,-0.05489671323081498,0.0004234003135934472,-0.055320113544408425,4
2025-04-04,B3SA3,11.541013,-0.008333426851986113,-0.0008579374989494681,-0.007475489353036645,4
2025-04-07,B3SA3,11.445236,-0.017729485270159193,0.00015781563706696033,-0.017887300907226154,4
2025-04-08,B3SA3,11.244106,0.035972147098833396,0.00015781563706696033,0.035814331461766435,4
2025-04-09,B3SA3,11.655944,-0.025802579657483986,0.00015781563706696033,-0.025960395294550947,4
2025-04-10,B3SA3,11.359037,0.00672273450525581,0.00015781563706696033,0.006564918868188849,4
2025-04-11,B3SA3,11.435658,0.019079845152228127,0.000281092943623662,0.018798752208604465,4
2025-04-14,B3SA3,11.655944,0.007368136426454192,0.00015781563706696033,0.007210320789387232,4
2025-04-15,B3SA3,11.742144,-0.01644782729629625,0.00015781563706696033,-0.01660564293336321,4
2025-04-16,B3SA3,11.5505905,0.00990105878098956,0.00015781563706696033,0.0097432431439226,4
2025-04-17,B3SA3,11.665522,0.019512870699279306,0.000281092943623662,0.019231777755655644,4
2025-04-22,B3SA3,11.895385,0.01834902351234309,0.00015781563706696033,0.01819120787527613,4
2025-04-23,B3SA3,12.115668,0.04784875370344835,-0.00016572902677580714,0.048014482730224156,4
2025-04-24,B3SA3,12.709481,0.009002225450915457,-0.00016572902677580714,0.009167954477691264,4
2025-04-25,B3SA3,12.824411,0.002238006251805608,-0.00016572902677580714,0.002403735278581415,4
2025-04-28,B3SA3,12.853145,-0.01425922346427811,-0.00016572902677580714,-0.014093494437502303,4
2025-04-29,B3SA3,12.671169,0.019461694212893624,-0.00016572902677580714,0.01962742323966943,4
2025-04-30,B3SA3,12.920187,-0.013432947196565483,-0.00016572902677580714,-0.013267218169789676,4
2025-05-02,B3SA3,12.747791,-0.007541554591235009,-0.00016572902677580714,-0.0073758255644592015,4
2025-05-05,B3SA3,12.652015,-0.003792251060175665,-0.00016572902677580714,-0.003626522033399858,4
2025-05-06,B3SA3,12.604126,-0.0007601032901363505,-0.00016572902677580714,-0.0005943742633605434,4
2025-05-07,B3SA3,12.594549,0.08033514676244398,-0.00016572902677580714,0.08050087578921979,4
2025-05-08,B3SA3,13.648086,0.01945859298933719,0.0004234003135934472,0.01903519267574374,4
2025-05-09,B3SA3,13.916259,-0.01176895700780581,3.108390956185758e-05,-0.011800040917367667,4
2025-05-12,B3SA3,13.753439,0.04026467768278533,0.0004234003135934472,0.03984127736919188,4
2025-05-13,B3SA3,14.318517,-0.020270940959832652,0.0004234003135934472,-0.0206943412734261,4
2025-05-14,B3SA3,14.031189,0.008157819016522738,3.108390956185758e-05,0.00812673510696088,4
2025-05-15,B3SA3,14.146121,0.0,0.0004234003135934472,-0.0004234003135934472,4
2025-05-16,B3SA3,14.146121,0.003379440806059412,0.0004234003135934472,0.0029560404924659648,4
2025-05-19,B3SA3,14.194008,0.008733681137250655,0.0004234003135934472,0.008310280823657208,4
2025-05-20,B3SA3,14.318517,-0.030562580590523504,0.0004234003135934472,-0.03098598090411695,4
2025-05-21,B3SA3,13.887526,-0.01109584701039917,0.001446231734007597,-0.012542078744406767,4
2025-05-22,B3SA3,13.734283,0.003480808485961261,-0.00016572902677580714,0.003646537512737068,4
2025-05-23,B3SA3,13.782173,-0.004178343088640175,-0.00016572902677580714,-0.004012614061864368,4
2025-05-26,B3SA3,13.724707,0.003483025359101352,-0.00016572902677580714,0.003648754385877159,4
2025-05-27,B3SA3,13.7725935,-0.005578762149534994,-0.00016572902677580714,-0.005413033122759187,4
2025-05-28,B3SA3,13.695973,-0.014084816921102292,0.0008571023354306817,-0.014941919256532973,4
2025-05-29,B3SA3,13.50442,-0.010695169899026222,0.00015781563706696033,-0.010852985536093183,4
2025-05-30,B3SA3,13.360758,-0.017353992826573406,0.00015781563706696033,-0.017511808463640366,4
2025-06-02,B3SA3,13.130896,0.0337069034777864,0.00015781563706696033,0.03354908784071944,4
2025-06-03,B3SA3,13.581041,-0.01635291065121298,0.00015781563706696033,-0.01651072628827994,4
2025-06-04,B3SA3,13.360758,-0.026881437647270523,0.00015781563706696033,-0.027039253284337483,4
2025-06-05,B3SA3,13.006386,-0.0007366596308206031,0.00015781563706696033,-0.0008944752678875634,4
2025-06-06,B3SA3,12.996808,-0.030679574044369343,0.00015781563706696033,-0.030837389681436303,4
2025-06-09,B3SA3,12.604126,-0.0015208605556211023,0.00015781563706696033,-0.0016786761926880626,4
2025-06-10,B3SA3,12.584971,0.007581503226010584,0.00015781563706696033,0.007423687588943624,4
2025-06-11,B3SA3,12.680747,-0.01983284120288755,0.00015781563706696033,-0.01999065683995451,4
2025-06-12,B3SA3,12.431729,0.005378505201632647,0.000281092943623662,0.005097412258008985,4
2025-06-13,B3SA3,12.498774,0.031676817398267096,0.00015781563706696033,0.031519001761200136,4
2025-06-16,B3SA3,12.901032,0.0044443727569604225,0.000281092943623662,0.0041632798133367606,4
2025-06-17,B3SA3,12.958497,0.019034324391123587,0.00015781563706696033,0.018876508754056626,4
2025-06-18,B3SA3,13.207516,-0.012404363727910695,0.00015781563706696033,-0.012562179364977655,4
2025-06-20,B3SA3,13.044697,-0.016284622898664693,0.000281092943623662,-0.016565715842288355,4
2025-06-23,B3SA3,12.833989,0.014364567793818903,0.00015781563706696033,0.014206752156751943,4
2025-06-24,B3SA3,13.019674,0.006634710850426206,0.00015781563706696033,0.006476895213359246,4
2025-06-25,B3SA3,13.106343,0.03537003108811431,0.00015781563706696033,0.03521221545104735,4
2025-06-26,B3SA3,13.578211,0.0014173336053176476,0.00015781563706696033,0.0012595179682506872,4
2025-06-27,B3SA3,13.597469,0.032058555704164785,0.00015781563706696033,0.031900740067097824,4
2025-06-30,B3SA3,14.040447,-0.005502093455589344,-0.00016572902677580714,-0.0053363644288135365,4
2025-07-01,B3SA3,13.9634075,-0.0034542622818616105,-0.00016572902677580714,-0.0032885332550858033,4
2025-07-02,B3SA3,13.915257,0.011696023824950422,-0.00016572902677580714,0.01186175285172623,4
2025-07-03,B3SA3,14.078966,0.0061371155649585386,-0.00016572902677580714,0.006302844591734346,4
2025-07-04,B3SA3,14.165636,-0.004087245150549283,-0.00016572902677580714,-0.003921516123773476,4
2025-07-07,B3SA3,14.107856,-0.0041040193070072594,-0.00016572902677580714,-0.003938290280231452,4
2025-07-08,B3SA3,14.050076,-0.0075679818116652815,-0.00016572902677580714,-0.007402252784889474,4
2025-07-09,B3SA3,13.944146,-0.027302917806310775,-0.00016572902677580714,-0.027137188779534967,4
2025-07-10,B3SA3,13.568581,-0.025882183071053645,0.00015781563706696033,-0.026039998708120606,4
2025-07-11,B3SA3,13.221902,-0.00877835690346853,0.00015781563706696033,-0.00893617254053549,4
2025-07-14,B3SA3,13.106343,0.008778356903468657,0.00015781563706696033,0.008620541266401697,4
2025-07-15,B3SA3,13.221902,-0.003648264297905421,0.00015781563706696033,-0.003806079934972381,4
2025-07-16,B3SA3,13.173753,0.004376351522872584,0.00015781563706696033,0.004218535885805624,4
2025-07-17,B3SA3,13.231532,-0.057672179712967835,0.0011806469410657883,-0.05885282665403362,4
2025-07-18,B3SA3,12.490028,0.009973203784828959,0.000281092943623662,0.009692110841205297,4
2025-07-21,B3SA3,12.615217,-0.0022927660795140116,0.00015781563706696033,-0.002450581716580972,4
2025-07-22,B3SA3,12.586327,0.024188629180988012,0.00015781563706696033,0.024030813543921052,4
2025-07-23,B3SA3,12.8944845,-0.020370343096864512,0.00015781563706696033,-0.020528158733931472,4
2025-07-24,B3SA3,12.634477,-0.0038182860841235225,0.00015781563706696033,-0.003976101721190483,4
2025-07-25,B3SA3,12.586327,-0.028717640310181376,0.000281092943623662,-0.028998733253805038,4
2025-07-28,B3SA3,12.230018,0.0007871915562237009,0.00015781563706696033,0.0006293759191567406,4
2025-07-29,B3SA3,12.239649,0.0031421957530886413,0.00015781563706696033,0.002984380116021681,4
2025-07-30,B3SA3,12.278169,-0.013423001438864482,0.00015781563706696033,-0.013580817075931442,4
2025-07-31,B3SA3,12.11446,0.0007945401341448392,0.000281092943623662,0.0005134471905211772,4
2025-08-01,B3SA3,12.124089,0.007123141833410338,0.00015781563706696033,0.006965326196343377,4
2025-08-04,B3SA3,12.210759,-0.007917681967555169,0.000281092943623662,-0.008198774911178831,4
2025-08-05,B3SA3,12.11446,0.011067300203292958,0.00015781563706696033,0.010909484566225997,4
2025-08-06,B3SA3,12.249279,0.014826594600628882,-0.0002729595289565623,0.015099554129585444,4
2025-08-07,B3SA3,12.432247,-0.0023264719731087165,-0.0002729595289565623,-0.0020535124441521543,4
2025-08-08,B3SA3,12.4033575,-0.00936039334852399,-0.0002729595289565623,-0.009087433819567428,4
2025-08-11,B3SA3,12.287799,-0.008658147103427844,-0.0002729595289565623,-0.008385187574471282,4
2025-08-12,B3SA3,12.181869,0.003944731750690869,-0.0002729595289565623,0.004217691279647431,4
2025-08-13,B3SA3,12.230018,0.011741911632524917,-0.0002729595289565623,0.012014871161481479,4
2025-08-14,B3SA3,12.374468,0.023077902448363406,-0.0002729595289565623,0.02335086197731997,4
2025-08-15,B3SA3,12.663365,0.0007601883898722031,-0.0002729595289565623,0.0010331479188287653,4
2025-08-18,B3SA3,12.672996,-0.049056130503685326,-0.0002729595289565623,-0.048783170974728764,4
2025-08-19,B3SA3,12.06631,-0.016090500127727073,-0.0008579374989494681,-0.015232562628777604,4
2025-08-20,B3SA3,11.873711,-0.0065093191437350165,-0.0002729595289565623,-0.006236359614778454,4
2025-08-21,B3SA3,11.796672,0.02499127766550532,-0.0002729595289565623,0.025264237194461883,4
2025-08-22,B3SA3,12.095201,-0.0007965175143828128,-0.0002729595289565623,-0.0005235579854262505,4
2025-08-25,B3SA3,12.08557,-0.008803663964214212,-0.0002729595289565623,-0.00853070443525765,4
2025-08-26,B3SA3,11.97964,0.018319942396333482,0.000281092943623662,0.01803884945270982,4
2025-08-27,B3SA3,12.201129,0.028017327398982717,-0.0002729595289565623,0.02829028692793928,4
2025-08-28,B3SA3,12.547806,-0.003844710718842194,0.00015781563706696033,-0.004002526355909154,4
2025-08-29,B3SA3,12.499656,0.0,0.0004234003135934472,-0.0004234003135934472,4
2025-09-01,B3SA3,12.499656,-0.01787832064968288,-7.3749106377363205e-06,-0.017870945739045144,4
2025-09-02,B3SA3,12.278169,0.015564485951997123,-0.0002729595289565623,0.015837445480953685,4
2025-09-03,B3SA3,12.470767,0.01075278605102645,-0.0002729595289565623,0.011025745579983013,4
2025-09-04,B3SA3,12.605586,0.02191255846231202,-0.0002729595289565623,0.022185517991268583,4
2025-09-05,B3SA3,12.884855,-0.018100170409684868,-0.0002729595289565623,-0.017827210880728306,4
2025-09-08,B3SA3,12.653735,-0.009942693942148993,-0.0002729595289565623,-0.009669734413192431,4
2025-09-09,B3SA3,12.528546,-0.0030791508179475228,-0.0002729595289565623,-0.0028061912889909605,4
2025-09-10,B3SA3,12.490028,0.011498723789438397,-0.0002729595289565623,0.01177168331839496,4
2025-09-11,B3SA3,12.634477,-0.013042053132995349,-0.0002729595289565623,-0.012769093604038786,4
2025-09-12,B3SA3,12.470767,0.03191758615229933,-0.0010284943273290992,0.03294608047962843,5
2025-09-15,B3SA3,12.875224,0.008193720634431715,-0.0010284943273290992,0.009222214961760814,5
2025-09-16,B3SA3,12.9811535,0.01764756950352719,-0.0010284943273290992,0.01867606383085629,5
2025-09-17,B3SA3,13.212273,0.0007285455412995994,-0.0007515799952670932,0.0014801255365666927,5
2025-09-18,B3SA3,13.221902,-0.005111362944302256,-0.0007515799952670932,-0.0043597829490351625,5
2025-09-19,B3SA3,13.154492,-0.011782204356533755,-0.0007515799952670932,-0.011030624361266662,5
2025-09-22,B3SA3,13.000413,-0.01192260723347251,-0.0007515799952670932,-0.011171027238205417,5
2025-09-23,B3SA3,12.846334,-0.006939279133581856,-0.0007515799952670932,-0.006187699138314763,5
2025-09-24,B3SA3,12.757499,-0.01684570353827162,-0.0007515799952670932,-0.016094123543004525,5
2025-09-25,B3SA3,12.54439,0.02063504731311596,-0.0010284943273290992,0.02166354164044506,5
2025-09-26,B3SA3,12.805933,0.013523873200232428,-0.0007515799952670932,0.014275453195499522,5
2025-09-29,B3SA3,12.980295,0.0,-0.0010284943273290992,0.0010284943273290992,5
2025-09-30,B3SA3,12.980295,-0.023406103124732906,-0.0010284943273290992,-0.022377608797403806,5
2025-10-01,B3SA3,12.680005,-0.0192833332649663,-0.0010284943273290992,-0.0182548389376372,5
2025-10-02,B3SA3,12.437835,-0.007033949982114806,-0.0010284943273290992,-0.006005455654785707,5
2025-10-03,B3SA3,12.350655,-0.008664830960072464,-0.0010284943273290992,-0.007636336632743365,5
2025-10-06,B3SA3,12.244101,-0.032157243994039575,-0.0010284943273290992,-0.031128749666710476,5
2025-10-07,B3SA3,11.856627,0.033738142300272056,-0.0007780640735290945,0.03451620637380115,5
2025-10-08,B3SA3,12.263473,0.010216250981819363,-0.0007515799952670932,0.010967830977086456,5
2025-10-09,B3SA3,12.389401,-0.014966775974982346,-0.0010284943273290992,-0.013938281647653247,5
2025-10-10,B3SA3,12.205353,0.008692219604255853,-0.0010284943273290992,0.009720713931584952,5
2025-10-13,B3SA3,12.311907,-0.012668394132909431,-0.0010284943273290992,-0.011639899805580332,5
2025-10-14,B3SA3,12.156919,0.007145801215583898,-0.0010284943273290992,0.008174295542912997,5
2025-10-15,B3SA3,12.244101,-0.0031696266869304275,-0.0007515799952670932,-0.0024180466916633343,5
2025-10-16,B3SA3,12.205353,-0.0031796267891853066,-0.0007515799952670932,-0.0024280467939182134,5
2025-10-17,B3SA3,12.166606,0.007930151782348448,-0.0007515799952670932,0.008681731777615541,5
2025-10-20,B3SA3,12.263473,-0.026412101621090738,-0.0010284943273290992,-0.02538360729376164,5
2025-10-21,B3SA3,11.943809,0.009685385581212303,-0.0010284943273290992,0.010713879908541403,5
2025-10-22,B3SA3,12.060051,0.01118217301366759,-0.0007515799952670932,0.011933753008934683,5
2025-10-23,B3SA3,12.195665,-0.00717420412334987,-0.0010284943273290992,-0.006145709796020771,5
2025-10-24,B3SA3,12.108484,0.0023971247254371522,-0.0010284943273290992,0.0034256190527662514,5
2025-10-27,B3SA3,12.137545,0.007949219835928384,-0.0010284943273290992,0.008977714163257483,5
2025-10-28,B3SA3,12.234413,0.0007915042819628134,-0.0010284943273290992,0.0018199986092919127,5
2025-10-29,B3SA3,12.244101,-0.0031696266869304275,-0.0010284943273290992,-0.0021411323596013283,5
2025-10-30,B3SA3,12.205353,0.004750524993162924,-0.0010284943273290992,0.005779019320492023,5
2025-10-31,B3SA3,12.263473,0.014117882635954756,-0.0010284943273290992,0.015146376963283855,5
2025-11-03,B3SA3,12.437835,0.0,-0.0010284943273290992,0.0010284943273290992,5
2025-11-04,B3SA3,12.437835,0.027651533421653666,-0.0007515799952670932,0.02840311341692076,5
2025-11-05,B3SA3,12.786559,-0.007604499749943386,-0.0010284943273290992,-0.006576005422614287,5
2025-11-06,B3SA3,12.6896925,-0.009202670396085008,-0.0010284943273290992,-0.008174176068755909,5
2025-11-07,B3SA3,12.573449,0.010728173640801086,-0.0010284943273290992,0.011756667968130186,5
2025-11-10,B3SA3,12.709065,0.030771610914723684,-0.0007515799952670932,0.03152319090999078,5
2025-11-11,B3SA3,13.106223,0.042682816164374734,-0.0007515799952670932,0.04343439615964183,5
2025-11-12,B3SA3,13.677744,0.024485332381972626,-0.0007515799952670932,0.02523691237723972,5
2025-11-13,B3SA3,14.016782,-0.0020754754052226205,-0.0007515799952670932,-0.0013238954099555273,5
2025-11-14,B3SA3,13.9877205,-0.019581023820821837,-0.0010284943273290992,-0.018552529493492738,5
2025-11-17,B3SA3,13.716491,-0.0077986463155524256,-0.0007515799952670932,-0.007047066320285332,5
2025-11-18,B3SA3,13.609937,-0.014337187178291286,-0.0007515799952670932,-0.013585607183024193,5
2025-11-19,B3SA3,13.416201,0.0028839715220934825,-0.0010284943273290992,0.003912465849422581,5
2025-11-21,B3SA3,13.454948,0.00645850961663615,-0.0010284943273290992,0.00748700394396525,5
2025-11-24,B3SA3,13.542129,0.013499364160199647,-0.0007515799952670932,0.01425094415546674,5
2025-11-25,B3SA3,13.726178,0.03740048176093601,-0.0010284943273290992,0.03842897608826511,5
2025-11-26,B3SA3,14.249265,0.001358651333420167,-0.0010284943273290992,0.0023871456607492663,5
2025-11-27,B3SA3,14.268638,0.015493765035874948,-0.0010284943273290992,0.016522259363204048,5
2025-11-28,B3SA3,14.491434,-0.004690037898137992,-0.0010284943273290992,-0.003661543570808893,5
2025-12-01,B3SA3,14.423628,0.014004831312576406,-0.0010284943273290992,0.015033325639905505,5
2025-12-02,B3SA3,14.627049,-0.020743511930999322,-0.0007515799952670932,-0.01999193193573223,5
2025-12-03,B3SA3,14.326758,0.015431458028106486,-0.0010284943273290992,0.016459952355435584,5
2025-12-04,B3SA3,14.549556,-0.06961130783594917,-0.0007515799952670932,-0.06885972784068208,5
2025-12-05,B3SA3,13.57119,0.023978558987716003,-0.0004834426799789071,0.02446200166769491,5
2025-12-08,B3SA3,13.90054,-0.016157733754557063,-0.000469934253487736,-0.015687799501069327,5
2025-12-09,B3SA3,13.677744,0.00635371033831655,-0.0004834426799789071,0.0068371530182954575,5
2025-12-10,B3SA3,13.764925,0.006313595447550032,-0.000469934253487736,0.006783529701037768,5
2025-12-11,B3SA3,13.852106,0.002095704670306797,-0.0007784566842019558,0.0028741613545087527,5
2025-12-12,B3SA3,13.881166,0.005567191199405711,-0.0007784566842019558,0.0063456478836076665,5
2025-12-15,B3SA3,13.958661,-0.04906778885902005,-0.0007784566842019558,-0.048289332174818095,5
2025-12-16,B3SA3,13.290273,-0.03485709548151668,-0.0004834426799789071,-0.03437365280153777,5
2025-12-17,B3SA3,12.834993,0.0037665076561454137,-0.000469934253487736,0.00423644190963315,5
2025-12-18,B3SA3,12.883428,0.006744124641220668,-0.000469934253487736,0.007214058894708404,5
2025-12-19,B3SA3,12.970609,-0.011265609471884356,-0.0007784566842019558,-0.0104871527876824,5
2025-12-22,B3SA3,12.825307,0.021666843695101093,-0.0007784566842019558,0.02244530037930305,5
2025-12-23,B3SA3,13.106223,0.013945228960933862,-0.000469934253487736,0.014415163214421598,5
2025-12-26,B3SA3,13.290273,0.005089045831198829,-0.0007784566842019558,0.005867502515400785,5
2025-12-29,B3SA3,13.35808,0.007225512556419984,-0.0007784566842019558,0.008003969240621939,5
2025-12-30,B3SA3,13.454948,-0.005904328858357706,-0.0007784566842019558,-0.00512587217415575,5
2026-01-02,B3SA3,13.37574,0.03798845929731497,-0.0007784566842019558,0.03876691598151693,5
2026-01-05,B3SA3,13.893639,0.03866915938454329,-0.0007784566842019558,0.03944761606874524,5
2026-01-06,B3SA3,14.441417,-0.01528871304774268,-0.0007784566842019558,-0.014510256363540724,5
2026-01-07,B3SA3,14.222305,0.006978398738867026,-0.0007784566842019558,0.007756855423068982,5
2026-01-08,B3SA3,14.321901,0.0055478538461817654,-0.000469934253487736,0.006017788099669501,5
2026-01-09,B3SA3,14.401578,0.002072527399919977,-0.0007515799952670932,0.0028241073951870703,5
2026-01-12,B3SA3,14.431457,-0.012500088784494571,-0.0010284943273290992,-0.011471594457165472,5
2026-01-13,B3SA3,14.252185,0.02892753210564165,-0.0010284943273290992,0.02995602643297075,5
2026-01-14,B3SA3,14.670486,0.026132179358026923,-0.0007515799952670932,0.026883759353294016,5
2026-01-15,B3SA3,15.058911,0.007905195962827195,-0.0007515799952670932,0.008656775958094288,5
2026-01-16,B3SA3,15.178427,-0.00922877281684566,-0.0007515799952670932,-0.008477192821578567,5
2026-01-19,B3SA3,15.038993,-0.028890151622761814,-0.0010284943273290992,-0.027861657295432714,5
2026-01-20,B3SA3,14.61073,0.05503538140544741,-0.0007515799952670932,0.055786961400714506,5
2026-01-21,B3SA3,15.437376,0.007712136543605106,-0.0007515799952670932,0.0084637165388722,5
2026-01-22,B3SA3,15.556891,0.012722823972955058,-0.0004834426799789071,0.013206266652933965,5
2026-01-23,B3SA3,15.7560835,-0.008888914991868958,-0.0007784566842019558,-0.008110458307667002,5
2026-01-26,B3SA3,15.61665,0.030152980126051478,-0.0007784566842019558,0.030931436810253433,5
2026-01-27,B3SA3,16.09471,0.02142727338841921,-0.0007784566842019558,0.022205730072621166,5
2026-01-28,B3SA3,16.443296,0.010244154854065938,-0.0007784566842019558,0.011022611538267894,5
2026-01-29,B3SA3,16.61261,-0.032290467549317574,-0.0007784566842019558,-0.03151201086511562,5
2026-01-30,B3SA3,16.08475,0.012307971332645063,-0.0004834426799789071,0.01279141401262397,5
2026-02-02,B3SA3,16.283943,0.006097582360259714,-0.0011505538132041693,0.0072481361734638835,5
2026-02-03,B3SA3,16.38354,-0.04221614238168793,-0.0007784566842019558,-0.041437685697485974,5
2026-02-04,B3SA3,15.706285,0.030598682083417778,-0.0004834426799789071,0.031082124763396685,5
2026-02-05,B3SA3,16.194305,0.046855484879996905,-0.0011505538132041693,0.048006038693201074,5
2026-02-06,B3SA3,16.971155,0.03347104795197402,-0.0007784566842019558,0.03424950463617597,5
2026-02-09,B3SA3,17.548811,-0.009694877746211123,-0.0007784566842019558,-0.008916421062009168,5
2026-02-10,B3SA3,17.3795,-0.00921144111790472,-0.0007784566842019558,-0.008432984433702764,5
2026-02-11,B3SA3,17.220144,0.00404042248908781,-0.0004834426799789071,0.004523865169066717,5
2026-02-12,B3SA3,17.289862,0.005743734148702947,-0.0007784566842019558,0.006522190832904903,5
2026-02-13,B3SA3,17.389456,0.008554540079779405,-0.0007784566842019558,0.00933299676398136,5
2026-02-18,B3SA3,17.538853,0.007918510273235287,-0.0007784566842019558,0.008696966957437243,5
2026-02-19,B3SA3,17.678286,0.018420837312034373,-0.0007784566842019558,0.01919929399623633,5
2026-02-20,B3SA3,18.006952,-0.012242742626515335,-0.0007784566842019558,-0.01146428594231338,5
2026-02-23,B3SA3,17.787842,0.019956199151017325,-0.0007784566842019558,0.02073465583521928,5
2026-02-24,B3SA3,18.146385,-0.004400386304435759,-0.0011505538132041693,-0.0032498324912315895,5
2026-02-25,B3SA3,18.06671,-0.010529303109602126,-0.0007784566842019558,-0.00975084642540017,5
2026-02-26,B3SA3,17.877478,-0.00278945692267946,-0.0007784566842019558,-0.002011000238477504,5
2026-02-27,B3SA3,17.827679,0.03242942212371335,-0.0007784566842019558,0.03320787880791531,5
2026-03-02,B3SA3,18.415297,-0.05274602798506543,-0.0007784566842019558,-0.05196757130086348,5
2026-03-03,B3SA3,17.469135,0.03473735821165075,-0.0004834426799789071,0.035220800891629656,5
2026-03-04,B3SA3,18.08663,-0.033597800099993136,-0.000469934253487736,-0.0331278658465054,5
2026-03-05,B3SA3,17.489054,-0.018391398123842835,-0.0007784566842019558,-0.01761294143964088,5
2026-03-06,B3SA3,17.170345,0.0046296845898882635,-0.000469934253487736,0.0050996188433759995,5
2026-03-09,B3SA3,17.250023,0.04460235825955542,-0.000469934253487736,0.045072292513043156,5
2026-03-10,B3SA3,18.03683,-0.006648184667017969,-0.0007784566842019558,-0.005869727982816013,5
2026-03-11,B3SA3,17.917316,-0.04840121335920612,-0.0007784566842019558,-0.047622756675004166,5
2026-03-12,B3SA3,17.07075,-0.015285409571981688,-0.0004834426799789071,-0.01480196689200278,5
2026-03-13,B3SA3,16.8118,0.027463042400499547,-0.000469934253487736,0.027932976653987283,5
2026-03-16,B3SA3,17.279902,0.014306457112604675,-0.000469934253487736,0.014776391366092411,5
2026-03-17,B3SA3,17.528893,-0.02765147641619456,-0.0007784566842019558,-0.026873019731992603,5
2026-03-18,B3SA3,17.050833,-0.011751134215924585,-0.0004834426799789071,-0.011267691535945678,5
2026-03-19,B3SA3,16.851639,-0.04410247882669554,-0.000469934253487736,-0.0436325445732078,5
2026-03-20,B3SA3,16.12459,0.06399784230515178,-0.000469934253487736,0.06446777655863951,5
2026-03-23,B3SA3,17.190266,0.006928393323907539,-0.000469934253487736,0.007398327577395275,5
2026-03-24,B3SA3,17.30978,0.035051719353965054,-0.0007784566842019558,0.03583017603816701,5
2026-03-25,B3SA3,17.927277,-0.012860110460813258,-0.0007784566842019558,-0.012081653776611303,5
2026-03-26,B3SA3,17.698206,-0.03202113464154985,-0.0007784566842019558,-0.031242677957347892,5
2026-03-27,B3SA3,17.140467,-0.009926992891134157,-0.0011505538132041693,-0.008776439077929988,5
2026-03-30,B3SA3,16.971155,0.07678704988313341,-0.000469934253487736,0.07725698413662115,5
2026-03-31,B3SA3,18.325659,0.010549056019282818,-0.0007784566842019558,0.011327512703484774,5
2026-04-01,B3SA3,18.52,0.0037725560061216395,-0.0007784566842019558,0.004551012690323595,5
2026-04-02,B3SA3,18.59,-0.00864402170104133,-0.0007784566842019558,-0.007865565016839373,5
2026-04-06,B3SA3,18.43,-0.02083414572959903,-0.0007784566842019558,-0.020055689045397073,5
2026-04-07,B3SA3,18.05,0.03591244884270751,-0.0004834426799789071,0.036395891522686415,5
